video_id,video_title,author,comment,likes,date
tUhLTksi-BA,내가 발이 될 상인가 #런닝맨,@nana_ooo_9,7:10 지석진이 지예은 혹시라도 꿍할까봐 ㅋㅋ ㅋ ㅋ ㅋㅋ 5개월 연하인거 알려주는게 너무 귀엽다,47,2026-05-19T00:16:14Z
tUhLTksi-BA,내가 발이 될 상인가 #런닝맨,@jameshur3458,지예은 기독교인 이니까 이언것 잘 믿지 않아. 맞는말 하네,1,2026-05-18T23:10:14Z
tUhLTksi-BA,내가 발이 될 상인가 #런닝맨,@MelisaTurpcu-d2s,Why no Eng Sub? 😢,0,2026-05-18T22:18:19Z
tUhLTksi-BA,내가 발이 될 상인가 #런닝맨,@머가더마시찌,전소민 재합류 기원 1일차,2,2026-05-18T20:20:57Z
tUhLTksi-BA,내가 발이 될 상인가 #런닝맨,@삼오오삼,런닝맨 채널 쇼츠 다 어디감????ㅠㅜㅠ,3,2026-05-18T17:24:23Z
tUhLTksi-BA,내가 발이 될 상인가 #런닝맨,@HAPPYJG,거짓말. ㅋㅋㅋㅋㅋㅋㅋㅋㅋㅋㅋ,4,2026-05-18T16:51:15Z
tUhLTksi-BA,내가 발이 될 상인가 #런닝맨,@vjdielsnvf,"미신 귀신놀이하는 사주관상에
이젠 족상?? 족같은 소리하네",0,2026-05-18T16:29:41Z
tUhLTksi-BA,내가 발이 될 상인가 #런닝맨,@짱구-x1v,저분 타프로그램에서 다 틀리는거 나왔는데… 굳이 왜…,0,2026-05-18T16:25:57Z
tUhLTksi-BA,내가 발이 될 상인가 #런닝맨,@Ariel319,지예은은 연하보단 동갑이나 연상이 더 잘 맞을거 같은데......,0,2026-05-18T16:14:48Z
tUhLTksi-BA,내가 발이 될 상인가 #런닝맨,@Cosrxt,석삼이 시술 모했어요? 잘생겨졌어…. 젊어지고,1,2026-05-18T16:13:45Z
tUhLTksi-BA,내가 발이 될 상인가 #런닝맨,@박성욱-q5k,"지예은 요즘 폼 좋네
재밌었어요 이번주도 기대할께요 
Pd님 에스파 있지 섭외해주세요",1,2026-05-18T15:33:04Z
tUhLTksi-BA,내가 발이 될 상인가 #런닝맨,@ellie_more,지예은 요즘 폼 미쳤다 ㅋㅋㅋ,8,2026-05-18T14:59:14Z
tUhLTksi-BA,내가 발이 될 상인가 #런닝맨,@코카콜라회장,지예은이 하는게 그렇지 쳐먹기만하지ㅋㅋㅋ,1,2026-05-18T14:32:58Z
tUhLTksi-BA,내가 발이 될 상인가 #런닝맨,@황미년-j2u,근데 원래 런닝맨 채널에 쇼츠도 있지 않았나요?? 왜 아예 싹다 사라진건지 궁금해요 이유가 있나요..?,26,2026-05-18T14:05:23Z
tUhLTksi-BA,내가 발이 될 상인가 #런닝맨,@sovrem-db9wv,난 공명씨 좋다 그냥 계속하죠?ㅋㅋ,10,2026-05-18T13:53:40Z
tUhLTksi-BA,내가 발이 될 상인가 #런닝맨,@joonhyungkim1242,식충아 작작 좀 해,0,2026-05-18T13:41:09Z
tUhLTksi-BA,내가 발이 될 상인가 #런닝맨,@JasonSmith-e1y,"송지효 위해서라도 지예은 너무 설치지 않았으면 
송지효 위해서라도 연애중인것 조심해야지",1,2026-05-18T13:38:09Z
tUhLTksi-BA,내가 발이 될 상인가 #런닝맨,@대열님,"지석진씨는 올해도 가만히 있으시는게....
석삼이형  환갑인데 가만있으랰ㅋㅋㅋㅋ",14,2026-05-18T13:24:39Z
tUhLTksi-BA,내가 발이 될 상인가 #런닝맨,@goby1007,사주나 관상은 그래....근데 족상은 도대체 뭐냐?,9,2026-05-18T12:57:25Z
tUhLTksi-BA,내가 발이 될 상인가 #런닝맨,@마지막팬,아치하와 얌생석에게 된통 당한 먹짱 ㅋㅋ,1,2026-05-18T12:16:39Z
tUhLTksi-BA,내가 발이 될 상인가 #런닝맨,@ChanChan-ix8ro,"上集麻麻地今集又好睇
支持佢做租借呀
希望nct細路都會出現
。。。。",0,2026-05-18T11:57:00Z
tUhLTksi-BA,내가 발이 될 상인가 #런닝맨,@swooo_,예은이 귀여웡 😂 ㅋㅋ,2,2026-05-18T11:37:15Z
tUhLTksi-BA,내가 발이 될 상인가 #런닝맨,@리리-n6r,운명을 개척해나가는 사랑꾼 지예은ㅋㅋㅋㅋㅋㅋㅋㅋㅋㅋㅋㅋㅋㅋ,3,2026-05-18T11:13:27Z
tUhLTksi-BA,내가 발이 될 상인가 #런닝맨,@honshin23,"차세대 예능 MC가 딱히 없잖아.....
유재석이 80까지 해먹을지도 모른다",13,2026-05-18T10:47:54Z
tUhLTksi-BA,내가 발이 될 상인가 #런닝맨,@콜비오,거짓말 하고 침 놔주는 선생님 와서 침 놔줬으면 대박인데 ㅋㅋㅋㅋㅋ,13,2026-05-18T10:27:53Z
tUhLTksi-BA,내가 발이 될 상인가 #런닝맨,@동태찌개맛있다,석진이형 예전에 욕한거 매주 반성하고 있습니다,8,2026-05-18T09:57:15Z
tUhLTksi-BA,내가 발이 될 상인가 #런닝맨,@usfor3933,"연예인 사주 관상 잘보는법
연예뉴스를 빠지지 않고 정독한다ㅋㅋㅋ
발리는 진짜 어이가없어요 쌤",123,2026-05-18T09:53:08Z
tUhLTksi-BA,내가 발이 될 상인가 #런닝맨,@안미자-f9g,전소민언제와요,11,2026-05-18T09:47:48Z
tUhLTksi-BA,내가 발이 될 상인가 #런닝맨,@이비-k5j,7:11 석진아조씨 따스하다……… 너무 좋음,403,2026-05-18T09:00:42Z
tUhLTksi-BA,내가 발이 될 상인가 #런닝맨,@lemj-r2k,지예은 연애이야기 나올 때 뭔가 잔뜩 긴장해있으면서 울것같은 표정 뭔데ㅋㅋㅋ,81,2026-05-18T08:53:48Z
tUhLTksi-BA,내가 발이 될 상인가 #런닝맨,@physique69King,"35년 되신 선생님께 선생님 재밌다 ㅋㅋㅋ
근데 족상으로 오장육부 건강이 나오긴 하는데 이렇게 나오는건 저도 신기 하네요 진짜 일까도 조금 의심 되구요 😁",3,2026-05-18T08:40:26Z
tUhLTksi-BA,내가 발이 될 상인가 #런닝맨,@이찬우-d5w,그나저나 운세 장면은 진짜 오랜만에 다시 보네요.,9,2026-05-18T08:29:42Z
tUhLTksi-BA,내가 발이 될 상인가 #런닝맨,@C_-r3n,또치 요즘 너무 웃겨 ㅋㅋㅋㅋㅋㅋㅋㅋ,33,2026-05-18T08:20:24Z
tUhLTksi-BA,내가 발이 될 상인가 #런닝맨,@C_-r3n,1:38 또치랑 영포티가 공명 꼬신다 ㅋㅋㅋㅋㅋㅋㅋㅋㅋ,48,2026-05-18T08:15:56Z
tUhLTksi-BA,내가 발이 될 상인가 #런닝맨,@장선우-w3p,11:00 지석진님 대박 나시길 빕니다.🙏,28,2026-05-18T08:10:46Z
tUhLTksi-BA,내가 발이 될 상인가 #런닝맨,@갸갸걐-s1t,ㅋㅋㅋ거짓말이 맞긴하지 ㅋㅋ,173,2026-05-18T08:07:28Z
tUhLTksi-BA,내가 발이 될 상인가 #런닝맨,@이정훈-t1h,오,5,2026-05-18T08:02:13Z
TUsnjoxoais,"[5월 24일 예고] 강소라×안재현, 상금 독식의 기회 앞에서 벌어진 숨 막히는 추격전♨",@msk1967,요즘 런닝맨 개꿀잼 이대로만 가즈아 ~!!,0,2026-05-19T03:30:06Z
TUsnjoxoais,"[5월 24일 예고] 강소라×안재현, 상금 독식의 기회 앞에서 벌어진 숨 막히는 추격전♨",@sanoob.,ngl this year all the guests has been pretty good,0,2026-05-18T16:47:30Z
TUsnjoxoais,"[5월 24일 예고] 강소라×안재현, 상금 독식의 기회 앞에서 벌어진 숨 막히는 추격전♨",@ChanChan-ix8ro,"期待孔先生做固定嘉賓
加埋nct細佬就可以長少少啦",0,2026-05-18T15:28:09Z
TUsnjoxoais,"[5월 24일 예고] 강소라×안재현, 상금 독식의 기회 앞에서 벌어진 숨 막히는 추격전♨",@nib2002,오랜만에 추리물이나 이름표뜯기 보고싶습니당...,0,2026-05-18T14:55:05Z
TUsnjoxoais,"[5월 24일 예고] 강소라×안재현, 상금 독식의 기회 앞에서 벌어진 숨 막히는 추격전♨",@bbjj2916,신미는 못참지 ㅋㅋㅋㅋ,2,2026-05-18T13:23:41Z
TUsnjoxoais,"[5월 24일 예고] 강소라×안재현, 상금 독식의 기회 앞에서 벌어진 숨 막히는 추격전♨",@Frost_iceley,"“클래식 런닝맨”으로 특집편 편성해서
개그맨들 아이돌들 배우들 등등 이름표 뜯기 
해줬으면..",4,2026-05-18T11:47:28Z
TUsnjoxoais,"[5월 24일 예고] 강소라×안재현, 상금 독식의 기회 앞에서 벌어진 숨 막히는 추격전♨",@진하324,차라리 임대할거면 안재현이 낫겠네. 그나마 예능경험이라도 있지,0,2026-05-18T08:48:19Z
TUsnjoxoais,"[5월 24일 예고] 강소라×안재현, 상금 독식의 기회 앞에서 벌어진 숨 막히는 추격전♨",@scfk2lee693,일요일 예는 시청률이 3.1 ㅋㅋㅋㅋㅋㅋㅋㅋㅋㅋㅋ 제작진들아 위기의식은 느끼냐? ㅋㅋㅋㅋ 임대멤버라고 데려온게 코미디언도 아니고 노잼배우 ㅋㅋㅋㅋㅋㅋㅋㅋㅋ 진짜 그냥 니들 사심채울려고 방송하니? ㅋㅋㅋㅋㅋㅋ 멤버 물갈이 좀 해라 처낼 인간들이 한둘이 아닌데,1,2026-05-18T06:05:02Z
TUsnjoxoais,"[5월 24일 예고] 강소라×안재현, 상금 독식의 기회 앞에서 벌어진 숨 막히는 추격전♨",@시그널-k2y,"박은채허수경누나 
박은채허수경누나 
전한륜홍승현 전한륜홍승현 전한륜홍승현 전한륜홍승현 전한륜홍승현",0,2026-05-17T22:00:29Z
TUsnjoxoais,"[5월 24일 예고] 강소라×안재현, 상금 독식의 기회 앞에서 벌어진 숨 막히는 추격전♨",@rrrbed,이번주도 런닝맨 너무 재밌었어요! 요즘 진짜 너무 재밌어요 최전성기,2,2026-05-17T21:13:10Z
TUsnjoxoais,"[5월 24일 예고] 강소라×안재현, 상금 독식의 기회 앞에서 벌어진 숨 막히는 추격전♨",@HINA_CNV,임대제도 좀 없애주세요.. 그냥 런닝맨 프로에 아무사람이나 일단 임대로 넣고 스케줄땜에 나가고 괜찮다 싶으면 그냥 고정 시키고 이러는 게 너무 별로임 임대 출연료 쓸바엔 제작비를 더 써서 게임 퀄리티 신경써주세요...,12,2026-05-17T20:27:11Z
TUsnjoxoais,"[5월 24일 예고] 강소라×안재현, 상금 독식의 기회 앞에서 벌어진 숨 막히는 추격전♨",@ramayakumar2084,Was it kang so ra ? Back after a long time on running man ❤❤,0,2026-05-17T16:32:03Z
TUsnjoxoais,"[5월 24일 예고] 강소라×안재현, 상금 독식의 기회 앞에서 벌어진 숨 막히는 추격전♨",@is-c8g,"진짜 우리한테 어ㅐ그래욬ㅋㅋㅋㅋㅋㅋ
이런말 뭐하기 글런뎈ㅋㅋㅋ1박2일급으오 ㅈ같네 시발",1,2026-05-17T15:31:53Z
TUsnjoxoais,"[5월 24일 예고] 강소라×안재현, 상금 독식의 기회 앞에서 벌어진 숨 막히는 추격전♨",@chani-m1g,지예은 들어오고 몇 번 보다가 그 이후 안봄 지예은 애는 왜 들어온건지 그리고 맨날 먹방에 노가리 까고 PPL 환장한거 같은 진행...예능이 재미도 없고 신선하지도 않고 그렇다고 예전같은 느낌도 없고....피디 바꼈다는 소식은 들었는데 이젠 지예은 빼고 먹방이나 노가리까는거 그리고 PPL 적당히~ 하면 다시 그때 보련다 요즘 1박 2일 그나마 볼만하더만...1박 2일도 김종민이 너무 오래된 캐릭터에 대충 하는 느낌이라 좀 그렇기는 한데 그래도 런닝맨 보다는 나은듯...놀머도 안본지 오래되고...SBS는 그나마 골때녀...근데 골때녀도 김병지가 팀 말아 먹는거 같아서 흥미가 떨어져가고...야구 여왕 돌아오면 그거나 볼 생각임...피디들이 좀 정신 차리면 좋겠는데...무슨 생각인지.............아..골때녀 개벤하고 아나콘다 다시 들어오면 안본다...,2,2026-05-17T15:25:03Z
TUsnjoxoais,"[5월 24일 예고] 강소라×안재현, 상금 독식의 기회 앞에서 벌어진 숨 막히는 추격전♨",@지호-d6n,안재현..? 흠..,4,2026-05-17T14:53:23Z
TUsnjoxoais,"[5월 24일 예고] 강소라×안재현, 상금 독식의 기회 앞에서 벌어진 숨 막히는 추격전♨",@능력자-b7g,오랜만에 이름표 뜯기 나와서 행복했음 물론 추격전은 아니었고 종국이형이 출전 안해서 아쉬웠지만,1,2026-05-17T14:49:25Z
TUsnjoxoais,"[5월 24일 예고] 강소라×안재현, 상금 독식의 기회 앞에서 벌어진 숨 막히는 추격전♨",@능력자-b7g,다음주 진짜 재밌겠구만,1,2026-05-17T14:48:47Z
TUsnjoxoais,"[5월 24일 예고] 강소라×안재현, 상금 독식의 기회 앞에서 벌어진 숨 막히는 추격전♨",@박성욱-q5k,신예은 에스파 있지 앤믹스 씨야 섭외해주세요,1,2026-05-17T14:35:40Z
TUsnjoxoais,"[5월 24일 예고] 강소라×안재현, 상금 독식의 기회 앞에서 벌어진 숨 막히는 추격전♨",@moresummmer,굳이 안재현을..감다뒤,7,2026-05-17T14:26:43Z
TUsnjoxoais,"[5월 24일 예고] 강소라×안재현, 상금 독식의 기회 앞에서 벌어진 숨 막히는 추격전♨",@박성욱-q5k,"강소라 오랜만에 런닝맨 출연이네요
오늘 꽤 재밌었어요 다음주도 기대할께요 본방사수예정 
오랜만에 노래가사 or영화 드라마 내용 토론 해주세요 
5월 에스파 있지 앤믹스 씨야 컴백하는데 멤버들 런닝맨 나왔으면좋겠어요 
강형선pd님 800회 특집 인터뷰에서 카리나출연했으면한다 언급하셨던데
Pd님 5월 에스파 컴백하는데 멤버들 런닝맨 좀 꼭 섭외해주세요
에스파 아직 한번도 안나왔어요 제발요😅",1,2026-05-17T14:16:43Z
TUsnjoxoais,"[5월 24일 예고] 강소라×안재현, 상금 독식의 기회 앞에서 벌어진 숨 막히는 추격전♨",@벌누리,근데 에스파는 왜 섭외안하나요?다른 걸그룹들은 잘도 나오는데 에스파는 데뷔이후 한번도 런닝맨 출연한적이 없는데 유튜브채널에서 출연하고 싶다고까지 했는데 아쉽습니다,2,2026-05-17T13:40:12Z
TUsnjoxoais,"[5월 24일 예고] 강소라×안재현, 상금 독식의 기회 앞에서 벌어진 숨 막히는 추격전♨",@user-qwee4rdfs7,인과응보  권선징악 콘텐츠 만들어주세요,13,2026-05-17T13:21:14Z
TUsnjoxoais,"[5월 24일 예고] 강소라×안재현, 상금 독식의 기회 앞에서 벌어진 숨 막히는 추격전♨",@띠띠띠띠-l5v,"오늘도 한분은 날로 드시네요?
다행히도 화면에 잘 안잡혀서 다행입니다",19,2026-05-17T13:18:03Z
TUsnjoxoais,"[5월 24일 예고] 강소라×안재현, 상금 독식의 기회 앞에서 벌어진 숨 막히는 추격전♨",@Juju-d8y6z,엥 안재현..?,1,2026-05-17T12:48:53Z
TUsnjoxoais,"[5월 24일 예고] 강소라×안재현, 상금 독식의 기회 앞에서 벌어진 숨 막히는 추격전♨",@nanana5252,오늘 막판 이름표 뜯기 진짜 너무 웃겼음 ㅋㅋㅋㅋㅋㅋㅋㅋ,8,2026-05-17T12:47:41Z
TUsnjoxoais,"[5월 24일 예고] 강소라×안재현, 상금 독식의 기회 앞에서 벌어진 숨 막히는 추격전♨",@mys4601,안재현 기대돼요❤,12,2026-05-17T12:44:40Z
TUsnjoxoais,"[5월 24일 예고] 강소라×안재현, 상금 독식의 기회 앞에서 벌어진 숨 막히는 추격전♨",@정정의복-d4c,정의복 결혼식 지예은 고백 강릉장로교희,1,2026-05-17T12:43:04Z
TUsnjoxoais,"[5월 24일 예고] 강소라×안재현, 상금 독식의 기회 앞에서 벌어진 숨 막히는 추격전♨",@미크슨,"안재현 아무리 봐도 임대 같은데
근데 옌니 바타랑 결혼할거 같은데 여성 임대로 알아봐야 하는거 아님?",0,2026-05-17T12:36:52Z
TUsnjoxoais,"[5월 24일 예고] 강소라×안재현, 상금 독식의 기회 앞에서 벌어진 숨 막히는 추격전♨",@대열님,안재현... 사연? 있잖아...?,2,2026-05-17T12:32:50Z
TUsnjoxoais,"[5월 24일 예고] 강소라×안재현, 상금 독식의 기회 앞에서 벌어진 숨 막히는 추격전♨",@JonathanHKim-ci8ut,"뭐, 크게 상관은 없습니다만, 좀 불공평하긴 하군요.
매년 크리스마스에는 런닝맨에서 ""크리스마스 특집""이나 ""성탄 특집""이 반드시 편성되는데, 매년 부처님 오신날은 어째서 마치 그런날이 존재하지도 않다는 듯 늘 넘어가나요? 
특히 올해는 5월 24일 런닝맨 방송 당일이 부처님 오신날입니다만.",0,2026-05-17T12:24:51Z
TUsnjoxoais,"[5월 24일 예고] 강소라×안재현, 상금 독식의 기회 앞에서 벌어진 숨 막히는 추격전♨",@단팥빵-k1k,강소라 유튜브 보니 예능력 물올랐던데ㅋㅋㅋ,3,2026-05-17T12:20:12Z
TUsnjoxoais,"[5월 24일 예고] 강소라×안재현, 상금 독식의 기회 앞에서 벌어진 숨 막히는 추격전♨",@영-d2c,인스타 쓰레드 목격담 봤었는데 유느가 노란옷입고 청계천에 앉아있었고 질문 하나하나 대답해주셨다는 그 특집이구만 기대❤❤,39,2026-05-17T12:11:02Z
TUsnjoxoais,"[5월 24일 예고] 강소라×안재현, 상금 독식의 기회 앞에서 벌어진 숨 막히는 추격전♨",@소영이-l5g,미췬 안재현 🩷🩷,13,2026-05-17T12:04:54Z
TUsnjoxoais,"[5월 24일 예고] 강소라×안재현, 상금 독식의 기회 앞에서 벌어진 숨 막히는 추격전♨",@rqnacjd9_78l,우와 안재현!! 기대된다😆,15,2026-05-17T11:51:33Z
TUsnjoxoais,"[5월 24일 예고] 강소라×안재현, 상금 독식의 기회 앞에서 벌어진 숨 막히는 추격전♨",@키오지오-s7j5y,강소라,4,2026-05-17T11:43:03Z
TUsnjoxoais,"[5월 24일 예고] 강소라×안재현, 상금 독식의 기회 앞에서 벌어진 숨 막히는 추격전♨",@kwontaikan6097,Seems Funny 😮,1,2026-05-17T11:31:59Z
TUsnjoxoais,"[5월 24일 예고] 강소라×안재현, 상금 독식의 기회 앞에서 벌어진 숨 막히는 추격전♨",@같이하는모든게임체널,제발 이광수님 전소민님 게스트로 출연해주세요 ㅜㅜ,21,2026-05-17T11:28:25Z
TUsnjoxoais,"[5월 24일 예고] 강소라×안재현, 상금 독식의 기회 앞에서 벌어진 숨 막히는 추격전♨",@seoki12,무슨 작품홍보하나?,0,2026-05-17T11:23:26Z
TUsnjoxoais,"[5월 24일 예고] 강소라×안재현, 상금 독식의 기회 앞에서 벌어진 숨 막히는 추격전♨",@zeronumberone,강소라 재밋어서 기대된다 ㅋㅋㅋㅋㅋ 넘 오랜만,14,2026-05-17T11:23:19Z
TUsnjoxoais,"[5월 24일 예고] 강소라×안재현, 상금 독식의 기회 앞에서 벌어진 숨 막히는 추격전♨",@underground84100,"임대멤버 고민보다는 컨텐츠 고민을.
이거는 그냥 저개인적인 생각인데
저는 차라리 런닝맨에 거쳐간 선배pd분들 
조효진pd님이나 아님 임형택pd나 
정철민pd들이 하던 아이템을 그대로 
따라하지말고 약간 수정해서 해봤으면
좋겠음..  아니면 그전에 하려다가 못한거 
그때 마지막에 세찬이가 석삼이형 환갑잔치 하고 못한걸로 기억하는데?",25,2026-05-17T11:23:06Z
TUsnjoxoais,"[5월 24일 예고] 강소라×안재현, 상금 독식의 기회 앞에서 벌어진 숨 막히는 추격전♨",@diversusreact1627,0:30 양세찬 씨가 오늘 너무 재밌고 귀여워 보였어요.ㅋㅋㅋㅋㅋㅋㅋㅋ ❤️❤️❤️ 저도 이번 에피소드에서 세찬이를 볼 수 있기를 기대하고 있어요. ❤️❤️❤️,0,2026-05-17T11:19:14Z
TUsnjoxoais,"[5월 24일 예고] 강소라×안재현, 상금 독식의 기회 앞에서 벌어진 숨 막히는 추격전♨",@leebk0412,런닝맨 맨날 보지만 먹는거만 겁나하네 진짜..,16,2026-05-17T11:18:35Z
TUsnjoxoais,"[5월 24일 예고] 강소라×안재현, 상금 독식의 기회 앞에서 벌어진 숨 막히는 추격전♨",@상어가나가신다,안재현님 좋아하는데,11,2026-05-17T11:11:12Z
TUsnjoxoais,"[5월 24일 예고] 강소라×안재현, 상금 독식의 기회 앞에서 벌어진 숨 막히는 추격전♨",@jaeyoung-m9n,임대멤버 고민보다 컨텐츠 고민에 더 중점을 두셨으면 좋겠어요 연괸없는 미니게임 세 개보다 짜임새있는 미션 보고 싶어요,112,2026-05-17T11:09:50Z
TUsnjoxoais,"[5월 24일 예고] 강소라×안재현, 상금 독식의 기회 앞에서 벌어진 숨 막히는 추격전♨",@박재인-g4e,오늘은 꽤 재밌게봐서 ㅇㅈ 다음주도 기대,52,2026-05-17T11:06:29Z
TUsnjoxoais,"[5월 24일 예고] 강소라×안재현, 상금 독식의 기회 앞에서 벌어진 숨 막히는 추격전♨",@POPDUNASH,강소라 그 전에 영화홍보로 단체로 미쳐있는 게스트때 오지 않았낰ㅋㅋㅋㅋ 이번에도 재밌을듯ㅋㅋㅋㅋ,9,2026-05-17T11:06:22Z
TUsnjoxoais,"[5월 24일 예고] 강소라×안재현, 상금 독식의 기회 앞에서 벌어진 숨 막히는 추격전♨",@김규중-97,오늘런닝맨 재미있었어요😊,52,2026-05-17T11:05:32Z
TUsnjoxoais,"[5월 24일 예고] 강소라×안재현, 상금 독식의 기회 앞에서 벌어진 숨 막히는 추격전♨",@레드리슬링,강소라 6년만인가? 런닝맨 출연하네,65,2026-05-17T11:03:41Z
TUsnjoxoais,"[5월 24일 예고] 강소라×안재현, 상금 독식의 기회 앞에서 벌어진 숨 막히는 추격전♨",@yy1818-z8y,개인적으로 예능에서 왜 쓰는지 모르겠는 사람중 한명이 안재현 저사람임  노잼 무미건조  .,27,2026-05-17T11:03:12Z
TUsnjoxoais,"[5월 24일 예고] 강소라×안재현, 상금 독식의 기회 앞에서 벌어진 숨 막히는 추격전♨",@장선우-w3p,다음주 런닝맨 재밌겠네용…..ㅋㅋㅋㅋㅋ😂😂😂😂,33,2026-05-17T11:02:53Z
TUsnjoxoais,"[5월 24일 예고] 강소라×안재현, 상금 독식의 기회 앞에서 벌어진 숨 막히는 추격전♨",@근엄한댕기벌새,강소라 ㅋㅋㅋㅋㅋㅋ,10,2026-05-17T11:02:28Z
nQlsZQc7mgg,"“진짜 얼탱이 없따!!” 지예은, ‘천 원 콤비’ 하하×지석진 결제 금액에 어이 상실↘",@cjswo1033,지예은의 복수혈전 함 갑시다.,0,2026-05-19T03:07:14Z
nQlsZQc7mgg,"“진짜 얼탱이 없따!!” 지예은, ‘천 원 콤비’ 하하×지석진 결제 금액에 어이 상실↘",@cjswo1033,"지예은이 타격감이 좋아서, 놀리는 맛이 쏠쏠함 ㅋㅋㅋ",0,2026-05-19T03:06:18Z
nQlsZQc7mgg,"“진짜 얼탱이 없따!!” 지예은, ‘천 원 콤비’ 하하×지석진 결제 금액에 어이 상실↘",@minsukkim5301,"공명도 자기 의견 내는데,,,,송지효는 뭐하냐??증말
먹고 침묵 먹고 침묵...
얼마나 방송에 쓸 말을 안하면,,편집에서 다 날라가냐,, 에휴,,",1,2026-05-18T14:16:04Z
nQlsZQc7mgg,"“진짜 얼탱이 없따!!” 지예은, ‘천 원 콤비’ 하하×지석진 결제 금액에 어이 상실↘",@zbxm0414,런닝맨 벌칙좀 제발,0,2026-05-18T12:27:42Z
nQlsZQc7mgg,"“진짜 얼탱이 없따!!” 지예은, ‘천 원 콤비’ 하하×지석진 결제 금액에 어이 상실↘",@전지용-l6s,"지예은 얼마나 많이 이뻐 진 줄 모르지 싶다. 티비 최고 광 입장에서 10배는 넘지 싶다. 너무 잘하고 있어요.🫰
운동은 남모르게 많이 하세요. 스타는 바쁘니까.👸✌️",1,2026-05-18T12:12:49Z
nQlsZQc7mgg,"“진짜 얼탱이 없따!!” 지예은, ‘천 원 콤비’ 하하×지석진 결제 금액에 어이 상실↘",@박성욱-q5k,예은이 잘한다 귀여워 ❤,0,2026-05-18T11:11:32Z
nQlsZQc7mgg,"“진짜 얼탱이 없따!!” 지예은, ‘천 원 콤비’ 하하×지석진 결제 금액에 어이 상실↘",@장선우-w3p,1:27  2번은 안돼 7번 긁어야돼ㅋㅋㅋㅋ😂😂😂😂,1,2026-05-18T10:46:59Z
nQlsZQc7mgg,"“진짜 얼탱이 없따!!” 지예은, ‘천 원 콤비’ 하하×지석진 결제 금액에 어이 상실↘",@채승헌-b3l,런닝맨 VS 골때녀 하고 축구시합 하면 좋을듯 합니다만은 .....ㅋㅋ,0,2026-05-18T06:06:42Z
nQlsZQc7mgg,"“진짜 얼탱이 없따!!” 지예은, ‘천 원 콤비’ 하하×지석진 결제 금액에 어이 상실↘",@Kyr-w4p,"오빠들의  작당모임
타격이저리좋으니
오빠들의사랑받지
지예은 이쁘고귀엽다",3,2026-05-18T02:15:20Z
nQlsZQc7mgg,"“진짜 얼탱이 없따!!” 지예은, ‘천 원 콤비’ 하하×지석진 결제 금액에 어이 상실↘",@nanana5252,런닝맨 재밌어! ㅋㅋㅋㅋㅋㅋ,1,2026-05-18T00:46:38Z
nQlsZQc7mgg,"“진짜 얼탱이 없따!!” 지예은, ‘천 원 콤비’ 하하×지석진 결제 금액에 어이 상실↘",@WJSN_IVE_AESPA_LESSE_IZ0NE,"지예은 특집이 한번 필요하긴할듯 하기꾼 지석삼에 매일 당하고도
걍 넘어가? 진짜 피의복수전이 필요해보임.",7,2026-05-17T22:37:27Z
nQlsZQc7mgg,"“진짜 얼탱이 없따!!” 지예은, ‘천 원 콤비’ 하하×지석진 결제 금액에 어이 상실↘",@시그널-k2y,전한륜홍승현 전한륜홍승현 전한륜홍승현 전한륜홍승현 전한륜홍승현 전한륜홍승현 전한륜홍승현 전한륜홍승현 🎉,0,2026-05-17T22:03:49Z
nQlsZQc7mgg,"“진짜 얼탱이 없따!!” 지예은, ‘천 원 콤비’ 하하×지석진 결제 금액에 어이 상실↘",@UNITUS2019,재미는 있지만 권선징악 한 번 정도는 필요해보임..ㅋㅋㅋ,14,2026-05-17T20:06:51Z
nQlsZQc7mgg,"“진짜 얼탱이 없따!!” 지예은, ‘천 원 콤비’ 하하×지석진 결제 금액에 어이 상실↘",@Djjackwudnck,호ㅏ제성 위해서ㅜ벌칙 한번 쎈거 가자,1,2026-05-17T15:30:31Z
nQlsZQc7mgg,"“진짜 얼탱이 없따!!” 지예은, ‘천 원 콤비’ 하하×지석진 결제 금액에 어이 상실↘",@yousong518,본방 봤는데 꼼수쓴건 진짜 양심없었음 한마디로 4번째로 결제하러 가는 사람만 손해봤던 특집임 막말로 순서 바뀌어서 자기가 4등이 되는 상황이면 왜 제대로 결제 안했냐고 뭐라 했을 꼬라지들이 지예은이니까 만만하게 꼼수 쓰려고 한거지. 앞으로는 꼼수쓰면 벌칙 확정하는 시스템이 있어야 한다고 봄,7,2026-05-17T14:52:18Z
nQlsZQc7mgg,"“진짜 얼탱이 없따!!” 지예은, ‘천 원 콤비’ 하하×지석진 결제 금액에 어이 상실↘",@ladolcevitakiller,지석진 개노잼 하차해라 ㅋㅋㅋㅋ ㅋㅋㅋㅋ ㅋㅋㅋㅋ ㅋㅋㅋㅋ ㅋㅋㅋㅋ,2,2026-05-17T14:26:34Z
nQlsZQc7mgg,"“진짜 얼탱이 없따!!” 지예은, ‘천 원 콤비’ 하하×지석진 결제 금액에 어이 상실↘",@jjxx8704,마지막에 결제 됐으면 좋았을텐데ㅋㅋ,4,2026-05-17T13:33:28Z
nQlsZQc7mgg,"“진짜 얼탱이 없따!!” 지예은, ‘천 원 콤비’ 하하×지석진 결제 금액에 어이 상실↘",@다나-7,역시 타격감 좋은 막내동생ㅋㅋㅋㅋ,25,2026-05-17T13:20:45Z
nQlsZQc7mgg,"“진짜 얼탱이 없따!!” 지예은, ‘천 원 콤비’ 하하×지석진 결제 금액에 어이 상실↘",@김소닉-u8r,저래서 키작은 아재가 문제일듯,1,2026-05-17T13:16:20Z
nQlsZQc7mgg,"“진짜 얼탱이 없따!!” 지예은, ‘천 원 콤비’ 하하×지석진 결제 금액에 어이 상실↘",@SoyoungMin-g5f8d,"예은이 살을 급하게 빼는거 같은데
?
화이팅 급하게 빼며뺄수록 찌기도 쉬워지는데
하여간 화이팅 그정도 뺀거면 유지하는데 전력을 ..  .화이팅",0,2026-05-17T12:48:11Z
nQlsZQc7mgg,"“진짜 얼탱이 없따!!” 지예은, ‘천 원 콤비’ 하하×지석진 결제 금액에 어이 상실↘",@몰린-i7l,지예은 극대노 ㅋ,2,2026-05-17T12:43:03Z
nQlsZQc7mgg,"“진짜 얼탱이 없따!!” 지예은, ‘천 원 콤비’ 하하×지석진 결제 금액에 어이 상실↘",@juncho1079,권선징악 특집 한 번 가자 ㅋㅋㅋ 약속을 안 지킬 수록 벌을 받을 수 있게. 물론 과정에서 멤버들은 그런 줄 모르게 잘 짜야겠지. 벌칙은 단발성이 아닌 무서운 공포 체험으로 하고.,188,2026-05-17T12:04:57Z
nQlsZQc7mgg,"“진짜 얼탱이 없따!!” 지예은, ‘천 원 콤비’ 하하×지석진 결제 금액에 어이 상실↘",@C_-r3n,또치 분량도 잘뽑고 방송 너무 잘한다,22,2026-05-17T11:34:44Z
nQlsZQc7mgg,"“진짜 얼탱이 없따!!” 지예은, ‘천 원 콤비’ 하하×지석진 결제 금액에 어이 상실↘",@진우김-q3j,은혜로운 예 은!!!!!,6,2026-05-17T11:31:15Z
nQlsZQc7mgg,"“진짜 얼탱이 없따!!” 지예은, ‘천 원 콤비’ 하하×지석진 결제 금액에 어이 상실↘",@underground84100,그래 예은아 다음에 꼭 너가 복수해라 ㅋㅋㅋㅋㅋㅋㅋ,27,2026-05-17T11:13:09Z
nQlsZQc7mgg,"“진짜 얼탱이 없따!!” 지예은, ‘천 원 콤비’ 하하×지석진 결제 금액에 어이 상실↘",@mssonly,표정 ㅋㅋㅋㅋㅋ,22,2026-05-17T11:07:51Z
nQlsZQc7mgg,"“진짜 얼탱이 없따!!” 지예은, ‘천 원 콤비’ 하하×지석진 결제 금액에 어이 상실↘",@POPDUNASH,파워 스피드 어떻게 짠거 처럼 저러냐곸ㅋㅋㅋㅋㅋㅋㅋ,19,2026-05-17T11:05:17Z
nQlsZQc7mgg,"“진짜 얼탱이 없따!!” 지예은, ‘천 원 콤비’ 하하×지석진 결제 금액에 어이 상실↘",@미크슨,1:30 예은이 툴툴 거리는거 졸귀 ㅋㅋㅋ,37,2026-05-17T10:59:06Z
nQlsZQc7mgg,"“진짜 얼탱이 없따!!” 지예은, ‘천 원 콤비’ 하하×지석진 결제 금액에 어이 상실↘",@일상의브이로그,ㅋㅋㅋㅋㅋㅋㅋㅋㅋㅋㅋㅋㅋ,13,2026-05-17T10:57:56Z
nQlsZQc7mgg,"“진짜 얼탱이 없따!!” 지예은, ‘천 원 콤비’ 하하×지석진 결제 금액에 어이 상실↘",@레드리슬링,얼굴 표정 찐텐 ㅋㅋㅋㅋ,50,2026-05-17T10:56:39Z
nQlsZQc7mgg,"“진짜 얼탱이 없따!!” 지예은, ‘천 원 콤비’ 하하×지석진 결제 금액에 어이 상실↘",@케이트비숍,진짜 갈수록 잘한다 예은이 ㅋㅋㅋㅋㅋ,57,2026-05-17T10:55:42Z
nQlsZQc7mgg,"“진짜 얼탱이 없따!!” 지예은, ‘천 원 콤비’ 하하×지석진 결제 금액에 어이 상실↘",@VaderetroSatana911,"예은이 송지효 50인분은 하는듯
막내 잘 뽑았다",29,2026-05-17T10:54:26Z
nQlsZQc7mgg,"“진짜 얼탱이 없따!!” 지예은, ‘천 원 콤비’ 하하×지석진 결제 금액에 어이 상실↘",@장선우-w3p,1:18 예은이 ㅠㅠ😭,43,2026-05-17T10:54:02Z
Wq1OTwel0YM,"하하 VS 공명, 무술인끼리 불붙은 이름표 뜯기 한판 승부↗",@박성욱-q5k,"어제방송도 존잼 가끔 이름표떼기  해주세요 
에스파  씨야 있지 좀 섭외해주세요",0,2026-05-18T11:27:13Z
Wq1OTwel0YM,"하하 VS 공명, 무술인끼리 불붙은 이름표 뜯기 한판 승부↗",@채승헌-b3l,런닝맨 VS 골때녀 하고 축구시합 하면 좋을듯 합니다만은 ....ㅋㅋ,0,2026-05-18T09:16:06Z
Wq1OTwel0YM,"하하 VS 공명, 무술인끼리 불붙은 이름표 뜯기 한판 승부↗",@kgy0p7p0,사랑해요 오빠❤,0,2026-05-18T03:23:16Z
Wq1OTwel0YM,"하하 VS 공명, 무술인끼리 불붙은 이름표 뜯기 한판 승부↗",@kgy0p7p0,공명 오빠 화이팅~~~❤,0,2026-05-18T03:22:30Z
Wq1OTwel0YM,"하하 VS 공명, 무술인끼리 불붙은 이름표 뜯기 한판 승부↗",@djremix12-r7m,전소바리 이상형이 공명 아니야~~전소민도 요즘 활동많이 하던데~~같이 부르지~~,2,2026-05-18T02:26:05Z
Wq1OTwel0YM,"하하 VS 공명, 무술인끼리 불붙은 이름표 뜯기 한판 승부↗",@가나다라마바사-k3k,지예은 양세찬 경기가 대박인뎈ㅋㅋ,3,2026-05-18T01:47:21Z
Wq1OTwel0YM,"하하 VS 공명, 무술인끼리 불붙은 이름표 뜯기 한판 승부↗",@오정석-n6b,요새 런닝맨 너무 재밌어요 ㅋㅋ,3,2026-05-18T01:05:38Z
Wq1OTwel0YM,"하하 VS 공명, 무술인끼리 불붙은 이름표 뜯기 한판 승부↗",@김지율-i6z,죠언니 대결 후에 공명씨가 옷정리해주는거 쏘스윗🫢,1,2026-05-17T15:10:40Z
Wq1OTwel0YM,"하하 VS 공명, 무술인끼리 불붙은 이름표 뜯기 한판 승부↗",@doyochie,"Gongmyung,,, wow,,",0,2026-05-17T13:25:03Z
Wq1OTwel0YM,"하하 VS 공명, 무술인끼리 불붙은 이름표 뜯기 한판 승부↗",@twice89569,지효누나이쁘다😍😍😍😍😍,3,2026-05-17T13:17:00Z
Wq1OTwel0YM,"하하 VS 공명, 무술인끼리 불붙은 이름표 뜯기 한판 승부↗",@lovesick0607,개인적으로 지예은과 양세찬 대결도 재미있었는데ㅋㅋㅋㅋㅋㅋㅋㅋ,13,2026-05-17T11:29:52Z
Wq1OTwel0YM,"하하 VS 공명, 무술인끼리 불붙은 이름표 뜯기 한판 승부↗",@underground84100,그래 자주는 힘들더라도 가끔은 이름표떼기 해주세요..,10,2026-05-17T11:11:48Z
Wq1OTwel0YM,"하하 VS 공명, 무술인끼리 불붙은 이름표 뜯기 한판 승부↗",@diversusreact1627,0:32 양세찬은 정말 잘생기고 귀엽다. ❤❤❤❤❤❤,1,2026-05-17T11:09:05Z
Wq1OTwel0YM,"하하 VS 공명, 무술인끼리 불붙은 이름표 뜯기 한판 승부↗",@POPDUNASH,오랜만에 이름표때기 좋았음,9,2026-05-17T11:07:19Z
Wq1OTwel0YM,"하하 VS 공명, 무술인끼리 불붙은 이름표 뜯기 한판 승부↗",@그끝에그대,"그래 미니게임으로 이름표 떼기 좋잖아.
미니게임으로 계속 했으면 좋겠다.
뛰고 떼고...❤",16,2026-05-17T10:52:17Z
Wq1OTwel0YM,"하하 VS 공명, 무술인끼리 불붙은 이름표 뜯기 한판 승부↗",@Majesty_challenge1234,"요새 계속 먹기만하고 앉아서만 촬영하니 감 다 잃지.....
좀 예전 6명시절까지(강훈까지도)는 많이 움직이면서 촬영했다",7,2026-05-17T10:51:38Z
Wq1OTwel0YM,"하하 VS 공명, 무술인끼리 불붙은 이름표 뜯기 한판 승부↗",@띠로롱-y2l,당신들의 정체성은 이름표 때기입니다.~,18,2026-05-17T10:49:07Z
Wq1OTwel0YM,"하하 VS 공명, 무술인끼리 불붙은 이름표 뜯기 한판 승부↗",@레드리슬링,다음엔 진짜 뛰면서 이름표 때기 했으면 좋겠슴돠!,29,2026-05-17T10:48:21Z
Wq1OTwel0YM,"하하 VS 공명, 무술인끼리 불붙은 이름표 뜯기 한판 승부↗",@darial7078,😮😮😮,1,2026-05-17T10:45:53Z
Wq1OTwel0YM,"하하 VS 공명, 무술인끼리 불붙은 이름표 뜯기 한판 승부↗",@장선우-w3p,0:45 공명 잘한다….👏👏👏👏,13,2026-05-17T10:43:25Z
Vzdg6tcADSU,"“뒷모습이 너무 젊으니까” 유재석, 양세찬으로 착각해 지석진 뒤통수 가격 후 사과!",@오늘내일-e9y,심지어 양세찬 말 별로 없었음 ㅋㅋㅋ 그냥 때리고싶어서 때린거,1,2026-05-19T01:47:44Z
Vzdg6tcADSU,"“뒷모습이 너무 젊으니까” 유재석, 양세찬으로 착각해 지석진 뒤통수 가격 후 사과!",@신호이-t3p,런닝맨 이신호사랑해요,1,2026-05-18T09:42:33Z
Vzdg6tcADSU,"“뒷모습이 너무 젊으니까” 유재석, 양세찬으로 착각해 지석진 뒤통수 가격 후 사과!",@정재훈-h5o8z,지효는 무조건 하차가답..하는게없네..왜 나오는거야  지사업 홍보때문에 나오는거냐,5,2026-05-18T01:52:00Z
Vzdg6tcADSU,"“뒷모습이 너무 젊으니까” 유재석, 양세찬으로 착각해 지석진 뒤통수 가격 후 사과!",@공성희-g3b,"유느님!
장난꾸러기 세요ㅋㅋ ㅋㅋㅋㅋ 
넘 웃껴요 ㅋㅋㅋㅋ ㅋㅋㅋㅋ ㅋㅋㅋㅋ ❤❤❤❤❤❤❤❤❤❤",3,2026-05-17T21:27:14Z
Vzdg6tcADSU,"“뒷모습이 너무 젊으니까” 유재석, 양세찬으로 착각해 지석진 뒤통수 가격 후 사과!",@박성욱-q5k,"오늘방송도 재밌었어요 
런닝맨 pd님 인터뷰에서 언급도 하셨는데  에스파 이번컴백때 런닝맨 출연 존버합니다",0,2026-05-17T17:42:13Z
Vzdg6tcADSU,"“뒷모습이 너무 젊으니까” 유재석, 양세찬으로 착각해 지석진 뒤통수 가격 후 사과!",@hanaru9232,"아~~저 앵앵 거리는 목소리 .. 너무 싫다..정말 싫다 , 그냥 편하게 말 하면 안되나.. 유치원 생인가..",5,2026-05-17T16:42:33Z
Vzdg6tcADSU,"“뒷모습이 너무 젊으니까” 유재석, 양세찬으로 착각해 지석진 뒤통수 가격 후 사과!",@jjxx8704,ㅋㅋㅋㅋ,1,2026-05-17T15:59:19Z
Vzdg6tcADSU,"“뒷모습이 너무 젊으니까” 유재석, 양세찬으로 착각해 지석진 뒤통수 가격 후 사과!",@캌킥킥,ㅋㅋㅋㅋ유느 알면서 장난 친다고 일부로 살짝 톡댐 ㅋㅋㅋㅋㅋㅋㅋㅋㅋ,6,2026-05-17T15:45:18Z
Vzdg6tcADSU,"“뒷모습이 너무 젊으니까” 유재석, 양세찬으로 착각해 지석진 뒤통수 가격 후 사과!",@衣带渐寬,15년을 앉았다는말에 공명이 이해했 어.. 이건 그냥 놀린거야,8,2026-05-17T14:51:51Z
Vzdg6tcADSU,"“뒷모습이 너무 젊으니까” 유재석, 양세찬으로 착각해 지석진 뒤통수 가격 후 사과!",@박정각-i4e,런닝맨👍👍👍👍👍,1,2026-05-17T13:24:04Z
Vzdg6tcADSU,"“뒷모습이 너무 젊으니까” 유재석, 양세찬으로 착각해 지석진 뒤통수 가격 후 사과!",@싯팔이,아 뒷통수 갈긴거 윳겨ㅋㅋㅋㅋㅋㅋㅋㅋㅋㅋㅋㅋㅋ,12,2026-05-17T12:32:30Z
Vzdg6tcADSU,"“뒷모습이 너무 젊으니까” 유재석, 양세찬으로 착각해 지석진 뒤통수 가격 후 사과!",@채승헌-b3l,런닝맨 VS 골때녀 하고 축구시합 하면 좋을듯 합니다만은 .....ㅋㅋ,1,2026-05-17T11:38:53Z
Vzdg6tcADSU,"“뒷모습이 너무 젊으니까” 유재석, 양세찬으로 착각해 지석진 뒤통수 가격 후 사과!",@diversusreact1627,0:56 양세찬 너무 웃기고 귀엽네요 ㅋㅋㅋㅋㅋㅋㅋㅋ ❤️❤️❤️,2,2026-05-17T11:06:57Z
Vzdg6tcADSU,"“뒷모습이 너무 젊으니까” 유재석, 양세찬으로 착각해 지석진 뒤통수 가격 후 사과!",@유경옥-x4h,참 잘했어요 꼬시디ㅡ,8,2026-05-17T11:01:19Z
Vzdg6tcADSU,"“뒷모습이 너무 젊으니까” 유재석, 양세찬으로 착각해 지석진 뒤통수 가격 후 사과!",@영-d2c,ㅋㅋㅋㅋㅋㅋㅋㅋ 유느봐 😂😂😂,30,2026-05-17T10:49:12Z
Vzdg6tcADSU,"“뒷모습이 너무 젊으니까” 유재석, 양세찬으로 착각해 지석진 뒤통수 가격 후 사과!",@yy1818-z8y,ㅆ ㅂ 무슨 먹방맨 이냐 그냥 촬영이 하루그냥  즐기다 가는거 같냐 게임 미션은 핑계고 마치 친목회 같노,1,2026-05-17T10:38:26Z
Vzdg6tcADSU,"“뒷모습이 너무 젊으니까” 유재석, 양세찬으로 착각해 지석진 뒤통수 가격 후 사과!",@미크슨,0:47 석진이형 가르마 탄거 존잘이네,23,2026-05-17T10:35:40Z
Vzdg6tcADSU,"“뒷모습이 너무 젊으니까” 유재석, 양세찬으로 착각해 지석진 뒤통수 가격 후 사과!",@darial7078,😂😂😂,6,2026-05-17T10:33:28Z
Vzdg6tcADSU,"“뒷모습이 너무 젊으니까” 유재석, 양세찬으로 착각해 지석진 뒤통수 가격 후 사과!",@淋雨一直走-x4r,❤❤❤,7,2026-05-17T10:33:16Z
Vzdg6tcADSU,"“뒷모습이 너무 젊으니까” 유재석, 양세찬으로 착각해 지석진 뒤통수 가격 후 사과!",@장선우-w3p,0:35 유재석ㅋㅋㅋㅋㅋㅋ😂😂😂😂😂,19,2026-05-17T10:32:48Z
0SKrWock3gU,"지석진, 유재석 필두로 비어있는 틈 타 뺏어 먹은 공명에 배신감♨",@시그널-k2y,"박은채허수경누나 
박은채허다윤누나
전한륜홍승현 전한륜홍승현 전한륜홍승현 전한륜홍승현 전한륜홍승현",0,2026-05-18T22:17:56Z
0SKrWock3gU,"지석진, 유재석 필두로 비어있는 틈 타 뺏어 먹은 공명에 배신감♨",@신호이-t3p,런닝맨 노래,1,2026-05-18T12:34:34Z
0SKrWock3gU,"지석진, 유재석 필두로 비어있는 틈 타 뺏어 먹은 공명에 배신감♨",@신호이-t3p,런닝맨 댄스,1,2026-05-18T12:34:03Z
0SKrWock3gU,"지석진, 유재석 필두로 비어있는 틈 타 뺏어 먹은 공명에 배신감♨",@신호이-t3p,런닝맨 이신호사랑해요,1,2026-05-18T12:33:46Z
0SKrWock3gU,"지석진, 유재석 필두로 비어있는 틈 타 뺏어 먹은 공명에 배신감♨",@박성욱-q5k,믿고보는 안테나형제  어제방송도 재밌었어요,2,2026-05-18T11:14:51Z
0SKrWock3gU,"지석진, 유재석 필두로 비어있는 틈 타 뺏어 먹은 공명에 배신감♨",@채승헌-b3l,런닝맨 VS 골때녀 하고 축구시합 하면 좋을듯 합니다만은 .....ㅋㅋ,0,2026-05-18T06:11:39Z
0SKrWock3gU,"지석진, 유재석 필두로 비어있는 틈 타 뺏어 먹은 공명에 배신감♨",@youth_cat,ㅋㅋㅋㅋ 공명 젓가락에 밥이 거의 눈덩이야 ㅋㅋㅋㅋ,0,2026-05-18T01:55:59Z
0SKrWock3gU,"지석진, 유재석 필두로 비어있는 틈 타 뺏어 먹은 공명에 배신감♨",@시그널-k2y,"박은채허수경누나 
박은채허다윤누나 
전한륜홍승현 전한륜홍승현 전한륜홍승현 전한륜홍승현 전한륜홍승현 전한륜홍승현 전한륜홍승현",0,2026-05-17T21:41:29Z
0SKrWock3gU,"지석진, 유재석 필두로 비어있는 틈 타 뺏어 먹은 공명에 배신감♨",@aIwayswithme,여기엔 짤렸지만 석삼이형이 공명씨 그래도 이쁘게 보긴 한가봄 ㅋㅋㅋ 석삼이형 패배팀 저렇게 잘 안주시는데,6,2026-05-17T14:58:27Z
0SKrWock3gU,"지석진, 유재석 필두로 비어있는 틈 타 뺏어 먹은 공명에 배신감♨",@둥근해미친거또떴네,"와중에 탄수 채우는 김공명 ,,",0,2026-05-17T14:58:13Z
0SKrWock3gU,"지석진, 유재석 필두로 비어있는 틈 타 뺏어 먹은 공명에 배신감♨",@Sir_David_Beckham,ㅋㅋㅋ 통갈비 뺏어간건 사실상 갈비탕 한그릇 다먹은거라 봐도 무방하지 ㅇㅇ 😁🍖😋,3,2026-05-17T14:30:18Z
0SKrWock3gU,"지석진, 유재석 필두로 비어있는 틈 타 뺏어 먹은 공명에 배신감♨",@조심심-b5z,석진이형이 뺏을려고 하면 젓가락으로  막던데 재석이형 내로남불 심하긴하네 ㅋㅋ,8,2026-05-17T14:03:12Z
0SKrWock3gU,"지석진, 유재석 필두로 비어있는 틈 타 뺏어 먹은 공명에 배신감♨",@김소닉-u8r,"아니 맨날 뺏어먹고 맨날 난리나고
 유재석은 맨날 지석진 타겟이여 더러운 메뚜기 이게 런닝맨이냐 더러움맨이지 유재석 갈비 훔치고 세사람 따라할려고 자빠졌네 ㅉㅉ (참고로 이 댓글 참교육용 댓글임)",1,2026-05-17T13:42:57Z
0SKrWock3gU,"지석진, 유재석 필두로 비어있는 틈 타 뺏어 먹은 공명에 배신감♨",@윤복순-y7j,유느님?양세찬님~^^사랑해요~~너무예쁘네요~런닝맨오래오래했으면요~~런닝맨모두사랑해요~^^,6,2026-05-17T12:47:16Z
0SKrWock3gU,"지석진, 유재석 필두로 비어있는 틈 타 뺏어 먹은 공명에 배신감♨",@user-qwee4rdfs7,매일 지석진만 터는 똑같은 그림,10,2026-05-17T12:33:36Z
0SKrWock3gU,"지석진, 유재석 필두로 비어있는 틈 타 뺏어 먹은 공명에 배신감♨",@코덩,이럴거면 게임은 왜 하고...  맨날 밥머고 커피억고 디저트먹고 분량 채울게없나,13,2026-05-17T12:02:34Z
0SKrWock3gU,"지석진, 유재석 필두로 비어있는 틈 타 뺏어 먹은 공명에 배신감♨",@변정혁-z5l,지고맛 = 지석삼은 고통받아야 제맛,6,2026-05-17T11:31:39Z
0SKrWock3gU,"지석진, 유재석 필두로 비어있는 틈 타 뺏어 먹은 공명에 배신감♨",@StrangerJ21,그냥 이름을 먹방맨으로 바꾸는게....ㅋㅋㅋ 매주 먹는것만 나와...,10,2026-05-17T11:09:56Z
0SKrWock3gU,"지석진, 유재석 필두로 비어있는 틈 타 뺏어 먹은 공명에 배신감♨",@underground84100,오늘 이장면이 너무 웃겼음 ㅋㅋ 아 유느 ㅋㅋㅋㅋㅋ,12,2026-05-17T11:08:48Z
0SKrWock3gU,"지석진, 유재석 필두로 비어있는 틈 타 뺏어 먹은 공명에 배신감♨",@공성희-g3b,유느님   다다다다 가서  통갈비  가져오는 거 넘 웃껴요 ㅋㅋㅋㅋ ㅋㅋㅋㅋ ㅋㅋㅋㅋ ❤❤❤❤❤❤❤❤❤❤❤❤❤❤❤,12,2026-05-17T11:06:37Z
0SKrWock3gU,"지석진, 유재석 필두로 비어있는 틈 타 뺏어 먹은 공명에 배신감♨",@POPDUNASH,단체 병아리 도적단ㅋㅋㅋㅋㅋㅋ,21,2026-05-17T11:05:00Z
0SKrWock3gU,"지석진, 유재석 필두로 비어있는 틈 타 뺏어 먹은 공명에 배신감♨",@diversusreact1627,0:50 양세찬 너무 웃기고 귀엽네요 ㅋㅋㅋㅋㅋㅋㅋㅋ ❤️❤️❤️,1,2026-05-17T11:02:41Z
0SKrWock3gU,"지석진, 유재석 필두로 비어있는 틈 타 뺏어 먹은 공명에 배신감♨",@레드리슬링,공명은 밥 반을 입으로 ㅋㅋㅋ,29,2026-05-17T10:58:18Z
0SKrWock3gU,"지석진, 유재석 필두로 비어있는 틈 타 뺏어 먹은 공명에 배신감♨",@TheJinseok89,오늘도 털리는 지석삼 ㅋㅋㅋㅋㅋㅋㅋㅋㅋㅋㅋㅋㅋㅋㅋㅋㅋㅋㅋㅋㅋㅋㅋㅋㅋㅋㅋㅋㅋㅋㅋㅋㅋㅋㅋㅋㅋㅋㅋㅋㅋㅋㅋㅋㅋㅋㅋㅋㅋㅋㅋㅋㅋㅋㅋ,18,2026-05-17T10:54:12Z
0SKrWock3gU,"지석진, 유재석 필두로 비어있는 틈 타 뺏어 먹은 공명에 배신감♨",@키오지오-s7j5y,ㅋㅋㅋㅋ,4,2026-05-17T10:42:41Z
0SKrWock3gU,"지석진, 유재석 필두로 비어있는 틈 타 뺏어 먹은 공명에 배신감♨",@영-d2c,난 오늘 이 장면이 젤 웃기더라😂😂😂😂 유느ㅋㅋㅋ기,18,2026-05-17T10:38:44Z
0SKrWock3gU,"지석진, 유재석 필두로 비어있는 틈 타 뺏어 먹은 공명에 배신감♨",@영-d2c,아니 원시인같음 개웃김ㅋㅋㅋㅋㅋㅋㅋㅋㅋㅋㅋㅋㅋㅋㅋㅋㅋㅋ,23,2026-05-17T10:38:17Z
0SKrWock3gU,"지석진, 유재석 필두로 비어있는 틈 타 뺏어 먹은 공명에 배신감♨",@yy1818-z8y,똘끼는 무슨 ㅋㅋㅋ 그냥 따라한거지,5,2026-05-17T10:31:54Z
0SKrWock3gU,"지석진, 유재석 필두로 비어있는 틈 타 뺏어 먹은 공명에 배신감♨",@장선우-w3p,0:34 유재석ㅋㅋㅋㅋㅋㅋㅋ😂😂😂😂,9,2026-05-17T10:29:49Z
0SKrWock3gU,"지석진, 유재석 필두로 비어있는 틈 타 뺏어 먹은 공명에 배신감♨",@장선우-w3p,0:34  유재석 ㅋㅋㅋㅋㅋㅋㅋ😂😂😂😂,15,2026-05-17T10:29:14Z
0SKrWock3gU,"지석진, 유재석 필두로 비어있는 틈 타 뺏어 먹은 공명에 배신감♨",@장선우-w3p,0:01 유재석 양세찬ㅋㅋㅋㅋㅋㅋㅋ😂😂😂😂,20,2026-05-17T10:28:20Z
jWk_3vFL9zg,"지예은, 영어 단어 하나도 못 들은 채 양세찬에게 도움 요청!",@탈다린,예은이 뇌에서 폐지된 서울 자치구 동대문구...,0,2026-05-18T12:33:46Z
jWk_3vFL9zg,"지예은, 영어 단어 하나도 못 들은 채 양세찬에게 도움 요청!",@zbxm0414,와 진짜 근데 심각하다 동대문구도 못찾고ㅠ연애하더니 나사하나 빼고 하나..이쁘다이쁘다 하니까 점점 저 더 설렁설렁 못해도 당당해 맨날 그놈의 대졸언급하면서 ㅋㅋㅋㅋㅋㅋㅋㅋㅋㅋ진짜 노답.. 뭔빽일까 pd에 언니오빠들이 이쁘다 이쁘다해주니까 진짜 저 버라이어티 판에서 우오ㅓ 대박이다 하면서 먹는거 말고 하는일 없이 돈버네😅,2,2026-05-18T11:42:14Z
jWk_3vFL9zg,"지예은, 영어 단어 하나도 못 들은 채 양세찬에게 도움 요청!",@시그널-k2y,전한륜홍승현 전한륜홍승현 전한륜홍승현 전한륜홍승현 전한륜홍승현 전한륜홍승현 전한륜홍승현,0,2026-05-17T21:58:26Z
jWk_3vFL9zg,"지예은, 영어 단어 하나도 못 들은 채 양세찬에게 도움 요청!",@박성욱-q5k,둘다 귀여워 오늘방송도 재밌었어요,4,2026-05-17T17:40:09Z
jWk_3vFL9zg,"지예은, 영어 단어 하나도 못 들은 채 양세찬에게 도움 요청!",@user-qwee4rdfs7,예은이  동대문도 못 들었을 줄은....ㅋㅋㅋ,23,2026-05-17T12:40:49Z
jWk_3vFL9zg,"지예은, 영어 단어 하나도 못 들은 채 양세찬에게 도움 요청!",@정정의복-d4c,정의복 결혼식 지예은 고백 강릉장로교희,3,2026-05-17T12:01:23Z
jWk_3vFL9zg,"지예은, 영어 단어 하나도 못 들은 채 양세찬에게 도움 요청!",@underground84100,예은아  동대문구를  못들었어?????,5,2026-05-17T11:07:12Z
jWk_3vFL9zg,"지예은, 영어 단어 하나도 못 들은 채 양세찬에게 도움 요청!",@diversusreact1627,0:46 양세찬 너무 웃기고 귀엽네요 ㅋㅋㅋㅋㅋㅋㅋㅋ ❤️❤️❤️,3,2026-05-17T10:24:29Z
jWk_3vFL9zg,"지예은, 영어 단어 하나도 못 들은 채 양세찬에게 도움 요청!",@darial7078,So happy that KJK is healthy n can drive again 💪,5,2026-05-17T10:17:00Z
jWk_3vFL9zg,"지예은, 영어 단어 하나도 못 들은 채 양세찬에게 도움 요청!",@darial7078,😂,2,2026-05-17T10:13:04Z
jWk_3vFL9zg,"지예은, 영어 단어 하나도 못 들은 채 양세찬에게 도움 요청!",@장선우-w3p,예은이 영어 잘하네요…..👏👏👏👏,10,2026-05-17T10:12:57Z
Q8PH8vk0QcU,"“죄송해요” 양세찬, 눈치 보며 영어 문장 들은 대로 목적지 설명↘",@박성욱-q5k,"영어천재 세찬이ㅋㅋㅋㅋ
재밌었어요",0,2026-05-18T11:13:02Z
Q8PH8vk0QcU,"“죄송해요” 양세찬, 눈치 보며 영어 문장 들은 대로 목적지 설명↘",@그그그-e5t,"식물원은 단어 자체를 몰랐을테니
트리 제외하면 알아들을 단어 다 알아들어서 맥락을 이해했음 ㅋㅋㅋ",1,2026-05-18T08:38:57Z
Q8PH8vk0QcU,"“죄송해요” 양세찬, 눈치 보며 영어 문장 들은 대로 목적지 설명↘",@기모찌-j9n,지효누님 마지막쯤 차에서 주무시는거같은데... 잘못봤나...,0,2026-05-18T02:06:35Z
Q8PH8vk0QcU,"“죄송해요” 양세찬, 눈치 보며 영어 문장 들은 대로 목적지 설명↘",@시그널-k2y,"박은채허수경누나 
박은채허수경누나",0,2026-05-17T21:58:40Z
Q8PH8vk0QcU,"“죄송해요” 양세찬, 눈치 보며 영어 문장 들은 대로 목적지 설명↘",@yellowjack1989,사실 상식만 주구장창 내서 그렇지 지각 공간 능력처럼 분야를 분화시키면 두각을 보일 멤버들이 있을지도 모름,18,2026-05-17T11:25:12Z
Q8PH8vk0QcU,"“죄송해요” 양세찬, 눈치 보며 영어 문장 들은 대로 목적지 설명↘",@underground84100,"생각지도 못했다  나는 동대문구 100년
된 식당인줄 알았는데  큰나무였음😊",8,2026-05-17T11:05:23Z
Q8PH8vk0QcU,"“죄송해요” 양세찬, 눈치 보며 영어 문장 들은 대로 목적지 설명↘",@diversusreact1627,1:11 양세찬 너무 웃기고 귀엽네요 ㅋㅋㅋㅋㅋㅋㅋㅋ ❤️❤️❤️,3,2026-05-17T10:20:28Z
Q8PH8vk0QcU,"“죄송해요” 양세찬, 눈치 보며 영어 문장 들은 대로 목적지 설명↘",@미크슨,양세찬은 상식이 조금 딸려서 그렇지 아이큐 자체는 높음,33,2026-05-17T10:18:56Z
Q8PH8vk0QcU,"“죄송해요” 양세찬, 눈치 보며 영어 문장 들은 대로 목적지 설명↘",@kiookjung313,"주말 저녁 예능.. 그 기회를 얻기 위해 얼마나 열심히 할 사람들 많을텐데.. 
저렇게 가만히 앉아서 밥만 먹고 출연료 챙기는 멤버를 의리랍시고 10년을 챙겨주나.. 
답답하고 갑갑하고 복장 터진다.",17,2026-05-17T10:13:58Z
Q8PH8vk0QcU,"“죄송해요” 양세찬, 눈치 보며 영어 문장 들은 대로 목적지 설명↘",@yy1818-z8y,양세찬이도 성향상 전소민같은 티키타카 되는 파트너가 있어야 하는데  요즘에 보면 겉돌고 정체된게  보임.,10,2026-05-17T10:08:45Z
Q8PH8vk0QcU,"“죄송해요” 양세찬, 눈치 보며 영어 문장 들은 대로 목적지 설명↘",@darial7078,송지효 예쁘다 😍,11,2026-05-17T10:05:06Z
Q8PH8vk0QcU,"“죄송해요” 양세찬, 눈치 보며 영어 문장 들은 대로 목적지 설명↘",@장선우-w3p,0:18 세찬이 영어 잘한다……👏,20,2026-05-17T10:03:45Z
Q8PH8vk0QcU,"“죄송해요” 양세찬, 눈치 보며 영어 문장 들은 대로 목적지 설명↘",@Majesty_challenge1234,"서당개 3년이면 풍월을 읖는다고 ㅋㅋㅋ
이젠 세찬이형도 깡깡이 아니다 ㅋㅋㅋㅋ
하동훈은 무한도전 덕분에 깡깡이 탈출 ㅋㅋㅋ",34,2026-05-17T10:03:05Z
LlZq8_cu_tM,"지석진, 네 번째 발가락 교정으로 인생 최대 고민 해결! (ft. 로또발)",@윤복순-y7j,맞아요~지석진은~유재석님잘만났지요,1,2026-05-17T12:51:32Z
LlZq8_cu_tM,"지석진, 네 번째 발가락 교정으로 인생 최대 고민 해결! (ft. 로또발)",@EugeniaLucy,지석진씨 기독교인 아니세여?ㅋㅋ,1,2026-05-17T12:37:35Z
LlZq8_cu_tM,"지석진, 네 번째 발가락 교정으로 인생 최대 고민 해결! (ft. 로또발)",@히비2-d1m,지석진은 유재석을 만난게 로또지,5,2026-05-17T11:15:25Z
LlZq8_cu_tM,"지석진, 네 번째 발가락 교정으로 인생 최대 고민 해결! (ft. 로또발)",@underground84100,석삼이형 연말에 사주볼때는 좋은편은 아니였는데  ㅋㅋ 족사주는 좋네 ㅋㅋㅋㅋㅋ,3,2026-05-17T11:02:12Z
LlZq8_cu_tM,"지석진, 네 번째 발가락 교정으로 인생 최대 고민 해결! (ft. 로또발)",@diversusreact1627,0:04 양세찬은 정말 잘생기고 귀엽다. ❤❤❤❤❤❤,1,2026-05-17T10:11:35Z
LlZq8_cu_tM,"지석진, 네 번째 발가락 교정으로 인생 최대 고민 해결! (ft. 로또발)",@미크슨,1:00 지석진 드디어 2026 연예대상 수상하는구나,4,2026-05-17T09:59:28Z
LlZq8_cu_tM,"지석진, 네 번째 발가락 교정으로 인생 최대 고민 해결! (ft. 로또발)",@yy1818-z8y,살다 살다 족 사주는 처음본다 타로보다 더 신뢰가 안감 ㅋㅋㅋ,6,2026-05-17T09:58:36Z
LlZq8_cu_tM,"지석진, 네 번째 발가락 교정으로 인생 최대 고민 해결! (ft. 로또발)",@darial7078,👣🍀👃,1,2026-05-17T09:57:55Z
LlZq8_cu_tM,"지석진, 네 번째 발가락 교정으로 인생 최대 고민 해결! (ft. 로또발)",@mangnanyong,"석진할아버지 정도면 소득,재산 상위 1퍼일텐데 돈이 다나간다니요.......",3,2026-05-17T09:53:10Z
LlZq8_cu_tM,"지석진, 네 번째 발가락 교정으로 인생 최대 고민 해결! (ft. 로또발)",@장선우-w3p,지석진 발 이뿌네용….🦶,4,2026-05-17T09:52:58Z
AkJ9XskzUgw,"“거짓말” 지예은, ‘족상가’ 김백문 선생님의 연이은 악재 해석에 발끈♨",@jameshur3458,지예은 은 사주 안믿어 기독교인이니까 ~~~ 거짓말😊,0,2026-05-18T23:37:42Z
AkJ9XskzUgw,"“거짓말” 지예은, ‘족상가’ 김백문 선생님의 연이은 악재 해석에 발끈♨",@chwisoxk,솔직히 바타랑 결혼하면 갔다올 것 같긴 함.. 바타 뭔가 쎄함.. 지예은 연애는 모르겠는데 배우자상은 아니긴 해... 뭔가 너무 철이 안 든 느낌이라 그런가,2,2026-05-18T22:51:21Z
AkJ9XskzUgw,"“거짓말” 지예은, ‘족상가’ 김백문 선생님의 연이은 악재 해석에 발끈♨",@john2480cho,캐릭터 잘 잡았네 ㅋㅋㅋ 이후에 양세찬이랑 게임할 때도 대빅이었음 ㅋㅋㅋ 가슴 내밀기 ㅋㅋㅋ,0,2026-05-18T20:03:11Z
AkJ9XskzUgw,"“거짓말” 지예은, ‘족상가’ 김백문 선생님의 연이은 악재 해석에 발끈♨",@3rdOfDecember,Cute and rude aren’t the same,0,2026-05-18T17:48:03Z
AkJ9XskzUgw,"“거짓말” 지예은, ‘족상가’ 김백문 선생님의 연이은 악재 해석에 발끈♨",@aaaaaaaaaaa-x3f,족상가 지랄하네 ㅋ,0,2026-05-18T16:07:45Z
AkJ9XskzUgw,"“거짓말” 지예은, ‘족상가’ 김백문 선생님의 연이은 악재 해석에 발끈♨",@름이구-t7g,이게 재밌음...? 전소바리였으면 토크 엄청 했을텐데 뭐라 말할지 몰라서 맨날 이러고 있네..,3,2026-05-18T15:35:20Z
AkJ9XskzUgw,"“거짓말” 지예은, ‘족상가’ 김백문 선생님의 연이은 악재 해석에 발끈♨",@zbxm0414,개웃겼음 이거 나지막히 거짓말 외치는겈ㅋㅋㅋㅋ,0,2026-05-18T13:42:48Z
AkJ9XskzUgw,"“거짓말” 지예은, ‘족상가’ 김백문 선생님의 연이은 악재 해석에 발끈♨",@GU_TheFinal9,거짓말,0,2026-05-18T13:24:24Z
AkJ9XskzUgw,"“거짓말” 지예은, ‘족상가’ 김백문 선생님의 연이은 악재 해석에 발끈♨",@ijdfg-d2o,관상은 과학이다.,0,2026-05-18T12:58:57Z
AkJ9XskzUgw,"“거짓말” 지예은, ‘족상가’ 김백문 선생님의 연이은 악재 해석에 발끈♨",@찌니-e8j,사기꾼,1,2026-05-18T12:50:00Z
AkJ9XskzUgw,"“거짓말” 지예은, ‘족상가’ 김백문 선생님의 연이은 악재 해석에 발끈♨",@lost_for_words,족상..?ㅋㅋㅋㅋㅋ 어휴 ㅋㅋㅋㅋㅋㅋㅋㅋㅋㅋㅋㅋㅋ,0,2026-05-18T11:54:33Z
AkJ9XskzUgw,"“거짓말” 지예은, ‘족상가’ 김백문 선생님의 연이은 악재 해석에 발끈♨",@박성욱-q5k,또치 귀여워 ㅋㅋㅋㅋㅋㅋㅋㅋㅋㅋㅋㅋ,5,2026-05-18T11:16:33Z
AkJ9XskzUgw,"“거짓말” 지예은, ‘족상가’ 김백문 선생님의 연이은 악재 해석에 발끈♨",@됴됴ddyodyoo,자막이 ㅈㄹ 웃김 ㅋㅋㅋ,1,2026-05-18T09:56:18Z
AkJ9XskzUgw,"“거짓말” 지예은, ‘족상가’ 김백문 선생님의 연이은 악재 해석에 발끈♨",@준이-o1l,사기꾼이라 안한게 다행임 관상가도 모자라 족상가가 왠말인지 에휴,1,2026-05-18T09:51:14Z
AkJ9XskzUgw,"“거짓말” 지예은, ‘족상가’ 김백문 선생님의 연이은 악재 해석에 발끈♨",@nunununug,아진짜개읏ㅋㅋㅋㅋㅋㅋㅋ,0,2026-05-18T09:26:51Z
AkJ9XskzUgw,"“거짓말” 지예은, ‘족상가’ 김백문 선생님의 연이은 악재 해석에 발끈♨",@말랑이-g7u,결혼을 하라는 것도 아니고ㅋㄱㄲ,0,2026-05-18T05:41:40Z
AkJ9XskzUgw,"“거짓말” 지예은, ‘족상가’ 김백문 선생님의 연이은 악재 해석에 발끈♨",@Indayoo,지예은 귀엽고 웃겨,5,2026-05-18T05:40:15Z
AkJ9XskzUgw,"“거짓말” 지예은, ‘족상가’ 김백문 선생님의 연이은 악재 해석에 발끈♨",@홀랑-y6n2g,지예은 예능폼 올라옴 ㅋㅋㅋ,8,2026-05-18T05:13:58Z
AkJ9XskzUgw,"“거짓말” 지예은, ‘족상가’ 김백문 선생님의 연이은 악재 해석에 발끈♨",@iderok5368,아 지예은 웃겨 ㅋㅋㅋ,2,2026-05-18T03:49:02Z
AkJ9XskzUgw,"“거짓말” 지예은, ‘족상가’ 김백문 선생님의 연이은 악재 해석에 발끈♨",@머걱이1,거짓말 ㅋㅋㅋㅋㅋ 진짜 다 속으로만 생각하는거 시원하게 말해주네,64,2026-05-18T03:45:26Z
AkJ9XskzUgw,"“거짓말” 지예은, ‘족상가’ 김백문 선생님의 연이은 악재 해석에 발끈♨",@yeonjjy6465,ㅋㅋ어제 진짜 귀여웠어,8,2026-05-18T03:24:50Z
AkJ9XskzUgw,"“거짓말” 지예은, ‘족상가’ 김백문 선생님의 연이은 악재 해석에 발끈♨",@baezzang0128,"지여은 귀여웡
모처럼 나온 강아지상 연예인이라 그런가...",0,2026-05-18T02:42:46Z
AkJ9XskzUgw,"“거짓말” 지예은, ‘족상가’ 김백문 선생님의 연이은 악재 해석에 발끈♨",@김미경-w1p5l,지예은 오즘 싸게 바람둥이 있다   지예은 야  선생님.....,1,2026-05-18T02:35:27Z
AkJ9XskzUgw,"“거짓말” 지예은, ‘족상가’ 김백문 선생님의 연이은 악재 해석에 발끈♨",@김미경-w1p5l,지예은 오즘 싸게 바람둥이 있다 대한민국 여분  지예은 오즘 싸게 바람둥이 있다   바타 정신 차려   잘생긴 남자 들이 잘 꼬시는 다   지예은 오즘 싸게 가,1,2026-05-18T02:33:09Z
AkJ9XskzUgw,"“거짓말” 지예은, ‘족상가’ 김백문 선생님의 연이은 악재 해석에 발끈♨",@Kyr-w4p,"정말잼나게잘하넹
예~은. 예능 잘한다",4,2026-05-18T02:09:08Z
AkJ9XskzUgw,"“거짓말” 지예은, ‘족상가’ 김백문 선생님의 연이은 악재 해석에 발끈♨",@user-죠스바,ㅋㅋㅋㅋㅋㅋ나도 거짓말 치네 이러고 봤다 ㅋㅋㅋㅋㅋㅋㅋㅋㅋㅋㅋ,28,2026-05-18T00:57:18Z
AkJ9XskzUgw,"“거짓말” 지예은, ‘족상가’ 김백문 선생님의 연이은 악재 해석에 발끈♨",@hanhn2424,예능이라고 어른대하는모습이 귀엽다고? 몇살까지 귀여울건데? 어른들한테 막 하고싶은말 까는말하면 재미있는거냐? 런닝맨 시청률도 처참한데  ㅋ  알바들풀었어?,7,2026-05-18T00:19:41Z
AkJ9XskzUgw,"“거짓말” 지예은, ‘족상가’ 김백문 선생님의 연이은 악재 해석에 발끈♨",@mond-u7h,"믿지 마셈 발만 보고 어떻게
알아",0,2026-05-17T23:38:24Z
AkJ9XskzUgw,"“거짓말” 지예은, ‘족상가’ 김백문 선생님의 연이은 악재 해석에 발끈♨",@Wkrhd,발바닥 핥고 싶다,2,2026-05-17T23:36:53Z
AkJ9XskzUgw,"“거짓말” 지예은, ‘족상가’ 김백문 선생님의 연이은 악재 해석에 발끈♨",@JeonWoo-l9o,또 여기 성지된다 나중에,1,2026-05-17T22:30:39Z
AkJ9XskzUgw,"“거짓말” 지예은, ‘족상가’ 김백문 선생님의 연이은 악재 해석에 발끈♨",@착한-c2w,참...비호감 여전 하네 말 하는게.....정이 안가...그 말 쎄다는 제시 도 정이 가는데....,8,2026-05-17T22:22:21Z
AkJ9XskzUgw,"“거짓말” 지예은, ‘족상가’ 김백문 선생님의 연이은 악재 해석에 발끈♨",@누구게99,예은이 귀엽다ㅋㅋㅋㅋ,1,2026-05-17T22:10:39Z
AkJ9XskzUgw,"“거짓말” 지예은, ‘족상가’ 김백문 선생님의 연이은 악재 해석에 발끈♨",@시그널-k2y,"박은채허수경누나 
박은채허다윤누나 
전한륜홍승현 전한륜홍승현 전한륜홍승현 전한륜홍승현 전한륜홍승현 전한륜홍승현 전한륜홍승현 전한륜홍승현 전한륜홍승현 전한륜홍승현",0,2026-05-17T21:50:52Z
AkJ9XskzUgw,"“거짓말” 지예은, ‘족상가’ 김백문 선생님의 연이은 악재 해석에 발끈♨",@fenomeno.9,거짓말ㅋㅋㅋㅋㅋㅋㅋㅋㅋㅋㅋㅋㅋㅋㅋㅋㅋㅋㅋㅋㅋㅋㅋㅋㅋㅋ,8,2026-05-17T21:39:30Z
AkJ9XskzUgw,"“거짓말” 지예은, ‘족상가’ 김백문 선생님의 연이은 악재 해석에 발끈♨",@sujebi_gorani,예은이 감 다 살아났네.ㅋㅋㅋㅋㅋㅋㅋㅋㅋㅋㅋㅋㅋㅋㅋㅋㅋㅋㅋㅋ 하드캐리,9,2026-05-17T19:49:06Z
AkJ9XskzUgw,"“거짓말” 지예은, ‘족상가’ 김백문 선생님의 연이은 악재 해석에 발끈♨",@Healingeraiamin,Aaaaaahhhu she literally is the laughter button of all the members 🤣🤣🤣Aaahhhh urii dochiii being so cute as always,2,2026-05-17T18:51:19Z
AkJ9XskzUgw,"“거짓말” 지예은, ‘족상가’ 김백문 선생님의 연이은 악재 해석에 발끈♨",@keane174cm,쓰읍 😂😂😂😂😂😂😂,0,2026-05-17T18:03:10Z
AkJ9XskzUgw,"“거짓말” 지예은, ‘족상가’ 김백문 선생님의 연이은 악재 해석에 발끈♨",@차인표인봉태규,얘는 발바닥도 귀엽네 아 남친넘 단명해라!,2,2026-05-17T17:31:04Z
AkJ9XskzUgw,"“거짓말” 지예은, ‘족상가’ 김백문 선생님의 연이은 악재 해석에 발끈♨",@세븐갓-k5v,예은이 웃는게 귀엽고 예쁘다 진짜로 !! 나는 그래서 예은이 나오는 런닝맨 보잖아 재밌으니깐 지예은 화이팅!!,9,2026-05-17T16:25:21Z
AkJ9XskzUgw,"“거짓말” 지예은, ‘족상가’ 김백문 선생님의 연이은 악재 해석에 발끈♨",@rkatkgkqslekdlstodemf,진짜 지예은 ㅈㄴ귀엽고 웃기고 다하넼ㅋㅋ,11,2026-05-17T16:03:38Z
AkJ9XskzUgw,"“거짓말” 지예은, ‘족상가’ 김백문 선생님의 연이은 악재 해석에 발끈♨",@캌킥킥,인성,8,2026-05-17T15:46:36Z
AkJ9XskzUgw,"“거짓말” 지예은, ‘족상가’ 김백문 선생님의 연이은 악재 해석에 발끈♨",@user-dl3ij6wy2e,지예은 진짜 귀여움 ㅋㅋㅋ,6,2026-05-17T15:43:15Z
AkJ9XskzUgw,"“거짓말” 지예은, ‘족상가’ 김백문 선생님의 연이은 악재 해석에 발끈♨",@boxknxg,ㅋㅋㅋㅋㅋㅋ아 진짜 너무 웃겨 런닝맨 멤버들 진짜 오래오래 건강하게 활동하셨음 좋겠다 ㅜㅜ 🩵,8,2026-05-17T14:40:34Z
AkJ9XskzUgw,"“거짓말” 지예은, ‘족상가’ 김백문 선생님의 연이은 악재 해석에 발끈♨",@아임파인땡,예은이누나 내가봤을땐 무조건 세찬이형이야.....,0,2026-05-17T14:39:28Z
AkJ9XskzUgw,"“거짓말” 지예은, ‘족상가’ 김백문 선생님의 연이은 악재 해석에 발끈♨",@리리-n6r,이게맞지 거짓말이지 발만보고 무슨 연애운을 알아 심지어 건강도 발만보고는 모름ㅋㅋㅋㅋㅋ,72,2026-05-17T14:38:55Z
AkJ9XskzUgw,"“거짓말” 지예은, ‘족상가’ 김백문 선생님의 연이은 악재 해석에 발끈♨",@최문식-w3i,워레..MZ들은 예절도 없네.지예은..어른 앞에서..,3,2026-05-17T14:38:06Z
AkJ9XskzUgw,"“거짓말” 지예은, ‘족상가’ 김백문 선생님의 연이은 악재 해석에 발끈♨",@최문식-w3i,지예은 도덕성.예절도 없다.,9,2026-05-17T14:35:17Z
AkJ9XskzUgw,"“거짓말” 지예은, ‘족상가’ 김백문 선생님의 연이은 악재 해석에 발끈♨",@감쟈-t5w,근데 맞긴해 어케 발만 보고 알지?ㅋㅋㅋㅋㅋㅋㅋㅋㅋㅋ,93,2026-05-17T14:21:33Z
AkJ9XskzUgw,"“거짓말” 지예은, ‘족상가’ 김백문 선생님의 연이은 악재 해석에 발끈♨",@전형준-r6x,연애만 하지말고 상식 공부좀해라. 쌍화차 한개가 뭐냐? 사람들이 좋아해주니까 생각없이 말하네.,9,2026-05-17T14:11:18Z
AkJ9XskzUgw,"“거짓말” 지예은, ‘족상가’ 김백문 선생님의 연이은 악재 해석에 발끈♨",@슈우우웅dym,ㅋㅋ개귀여워,11,2026-05-17T14:08:04Z
AkJ9XskzUgw,"“거짓말” 지예은, ‘족상가’ 김백문 선생님의 연이은 악재 해석에 발끈♨",@김완기-r6d,지예은 발이 내 살에 닿으면 엄청 따뜻하겠지,1,2026-05-17T14:07:58Z
AkJ9XskzUgw,"“거짓말” 지예은, ‘족상가’ 김백문 선생님의 연이은 악재 해석에 발끈♨",@김완기-r6d,"지예은 발 예쁘다.

발가락도 그렇고 발바닥도 그렇고",1,2026-05-17T14:07:43Z
AkJ9XskzUgw,"“거짓말” 지예은, ‘족상가’ 김백문 선생님의 연이은 악재 해석에 발끈♨",@Jee3838_z,냅다 거짓말 ㅋㅋㅋㅋㅋㅋㅋㅋㅋㅋㅋㅋㅋ,26,2026-05-17T14:03:45Z
AkJ9XskzUgw,"“거짓말” 지예은, ‘족상가’ 김백문 선생님의 연이은 악재 해석에 발끈♨",@Sir_David_Beckham,“갔다 오면 좋아”….. 😅😁🤣,1,2026-05-17T13:59:38Z
AkJ9XskzUgw,"“거짓말” 지예은, ‘족상가’ 김백문 선생님의 연이은 악재 해석에 발끈♨",@JasonSmith-e1y,"송지효 위해서라도 지예은 너무 설치지 않았으면
송지효 위해서라도 연애중인것 조심해야지",6,2026-05-17T13:11:56Z
AkJ9XskzUgw,"“거짓말” 지예은, ‘족상가’ 김백문 선생님의 연이은 악재 해석에 발끈♨",@김연정-f6w,"자연스러운예능 보고파..
무도예능보고싶은한사람...
지금도 웃고 있지만
예전 예능이 그리워....",3,2026-05-17T13:00:46Z
AkJ9XskzUgw,"“거짓말” 지예은, ‘족상가’ 김백문 선생님의 연이은 악재 해석에 발끈♨",@vnfma7,예은이 진짜 핵졸귀야 ㅋㅋㅋㅋㅋ,107,2026-05-17T12:59:24Z
AkJ9XskzUgw,"“거짓말” 지예은, ‘족상가’ 김백문 선생님의 연이은 악재 해석에 발끈♨",@박정각-i4e,오늘도 런닝맨 재밌게 잘 보았습니다🎉 유느님 홧팅❤😂,8,2026-05-17T12:55:06Z
AkJ9XskzUgw,"“거짓말” 지예은, ‘족상가’ 김백문 선생님의 연이은 악재 해석에 발끈♨",@미친놈-g2m,이거 다 거짓말인 거 아시죠? 😂,4,2026-05-17T12:35:32Z
AkJ9XskzUgw,"“거짓말” 지예은, ‘족상가’ 김백문 선생님의 연이은 악재 해석에 발끈♨",@dudu78719,ㅋㅋㅋㅋㅋㅋㅋㅋㅋ발보고는 애매하긴해,12,2026-05-17T12:30:29Z
AkJ9XskzUgw,"“거짓말” 지예은, ‘족상가’ 김백문 선생님의 연이은 악재 해석에 발끈♨",@jsong8584,지예은 사주 같은 거 좋아하는데 하필이면 족상이 ㅋㅋㅋㅋㅋㅋ,19,2026-05-17T12:29:31Z
AkJ9XskzUgw,"“거짓말” 지예은, ‘족상가’ 김백문 선생님의 연이은 악재 해석에 발끈♨",@공수거-m7u,무슨 발바닥보고 저러는거냐? 사기꾼이지,0,2026-05-17T12:21:14Z
AkJ9XskzUgw,"“거짓말” 지예은, ‘족상가’ 김백문 선생님의 연이은 악재 해석에 발끈♨",@rookienew2093,보법이 다르니 웃길수밖에,34,2026-05-17T12:13:15Z
AkJ9XskzUgw,"“거짓말” 지예은, ‘족상가’ 김백문 선생님의 연이은 악재 해석에 발끈♨",@Bella-up8hz,거짓말 ㅋㅋㅋㅋㅋㅋㅋㅋㅋㅋㅋ,70,2026-05-17T11:59:26Z
AkJ9XskzUgw,"“거짓말” 지예은, ‘족상가’ 김백문 선생님의 연이은 악재 해석에 발끈♨",@rishw6068,지예은 올해도 상 1개정도는 타겠구나,121,2026-05-17T11:51:04Z
AkJ9XskzUgw,"“거짓말” 지예은, ‘족상가’ 김백문 선생님의 연이은 악재 해석에 발끈♨",@정정의복-d4c,정의복 결혼식 지예은 고백 약속 강릉장로교희,2,2026-05-17T11:49:33Z
AkJ9XskzUgw,"“거짓말” 지예은, ‘족상가’ 김백문 선생님의 연이은 악재 해석에 발끈♨",@김영우-h7g,저는 옮겨서 빼놓고 차량 방송안에 여자 연예인이랑 여자 아이돌이 재미있습니다,3,2026-05-17T11:41:15Z
AkJ9XskzUgw,"“거짓말” 지예은, ‘족상가’ 김백문 선생님의 연이은 악재 해석에 발끈♨",@C_-r3n,또치 너무웃겨 ㅋㅋㅋㅋㅋㅋㅋㅋㅋㅋㅋㅋㅋ,141,2026-05-17T11:31:50Z
AkJ9XskzUgw,"“거짓말” 지예은, ‘족상가’ 김백문 선생님의 연이은 악재 해석에 발끈♨",@underground84100,"예은이 발끈하는거 ㅋㅋ 엄청😂웃기네
그나저나 유느 일복이 계속들어오고.
앞으로도 국민mc 타이틀은 계속될꺼라고.. 
진짜 몸건강히 오래오래 해줬으면 좋겠다",48,2026-05-17T11:04:00Z
AkJ9XskzUgw,"“거짓말” 지예은, ‘족상가’ 김백문 선생님의 연이은 악재 해석에 발끈♨",@VaderetroSatana911,"진짜 예은이 잘 뽑았네 ㅋㅋㅋㅋ
같은 여성멤버끼리 ㅈㄴ 비교되네
ㅋㅋㅋㅋㅋㅋㅋ",22,2026-05-17T10:57:36Z
AkJ9XskzUgw,"“거짓말” 지예은, ‘족상가’ 김백문 선생님의 연이은 악재 해석에 발끈♨",@케이트비숍,ㅋㅋㅋㅋㅋㅋㅋㅋㅋ진짜 분량 잘 뽑네,36,2026-05-17T10:57:24Z
AkJ9XskzUgw,"“거짓말” 지예은, ‘족상가’ 김백문 선생님의 연이은 악재 해석에 발끈♨",@따라라라-e4u,저러고 지석진이 지예은 바타 생일 물어본다음에 생일이 늦으니 연하다하는거 진짜 ㅋㅋㅋㅋ 딸 슬퍼할까봐 달래주는 아빠,559,2026-05-17T10:55:59Z
AkJ9XskzUgw,"“거짓말” 지예은, ‘족상가’ 김백문 선생님의 연이은 악재 해석에 발끈♨",@레드리슬링,예은이 확실한 건 요즘 폼과 물 오른건 맞아,130,2026-05-17T10:51:46Z
AkJ9XskzUgw,"“거짓말” 지예은, ‘족상가’ 김백문 선생님의 연이은 악재 해석에 발끈♨",@j1011-f6i,지예은 점점 화가나서 ㅋㅋ,31,2026-05-17T10:47:33Z
AkJ9XskzUgw,"“거짓말” 지예은, ‘족상가’ 김백문 선생님의 연이은 악재 해석에 발끈♨",@염대옥,진짜 대박 웃겨 예은이 ㅋㅋㅋㅋㅋㅋㅋ,35,2026-05-17T10:35:28Z
AkJ9XskzUgw,"“거짓말” 지예은, ‘족상가’ 김백문 선생님의 연이은 악재 해석에 발끈♨",@민트코촐릿,족상 저양반 다틀리는 사짜더만 공중파 나왔네ㅋㅋ,3,2026-05-17T10:24:13Z
AkJ9XskzUgw,"“거짓말” 지예은, ‘족상가’ 김백문 선생님의 연이은 악재 해석에 발끈♨",@diversusreact1627,0:31 양세찬 너무 웃기고 귀엽네요 ㅋㅋㅋㅋㅋㅋㅋㅋ ❤️❤️❤️,1,2026-05-17T10:06:43Z
AkJ9XskzUgw,"“거짓말” 지예은, ‘족상가’ 김백문 선생님의 연이은 악재 해석에 발끈♨",@mssonly,발끈해서 거짓말이라고 하는거 웃기네 ㅋㅋ,234,2026-05-17T10:02:28Z
AkJ9XskzUgw,"“거짓말” 지예은, ‘족상가’ 김백문 선생님의 연이은 악재 해석에 발끈♨",@미크슨,1:08 적잖은 충격에 사례들린 옌니 ㅋㅋㅋㅋ,80,2026-05-17T09:53:57Z
AkJ9XskzUgw,"“거짓말” 지예은, ‘족상가’ 김백문 선생님의 연이은 악재 해석에 발끈♨",@yy1818-z8y,지예은은 무조건 바타하고  결혼해야겠다 방송에서 저렇게 언급많이 되는데 본인들도 결혼전제로 사귀고 있는거같은데 어차피 지예은 기독교라 사주 이런거 안믿을테고,34,2026-05-17T09:51:51Z
AkJ9XskzUgw,"“거짓말” 지예은, ‘족상가’ 김백문 선생님의 연이은 악재 해석에 발끈♨",@장선우-w3p,예은이 결혼운……..?,5,2026-05-17T09:50:16Z
AkJ9XskzUgw,"“거짓말” 지예은, ‘족상가’ 김백문 선생님의 연이은 악재 해석에 발끈♨",@darial7078,화이팅 😅,1,2026-05-17T09:47:32Z
jOlsEx_KwwM,"“얘 봐라?” 양세찬, 외모 부스트 받기 위해 옆자리 사수한 공명에 당황↗",@박성욱-q5k,어제방송도 재밌었어요,0,2026-05-18T11:14:06Z
jOlsEx_KwwM,"“얘 봐라?” 양세찬, 외모 부스트 받기 위해 옆자리 사수한 공명에 당황↗",@드림모닝,공명님 너무 좋았음~! 너무 귀여웡❤❤,2,2026-05-18T05:48:09Z
jOlsEx_KwwM,"“얘 봐라?” 양세찬, 외모 부스트 받기 위해 옆자리 사수한 공명에 당황↗",@allthings_mania,ENGLISH SUBS JUSEYOO,0,2026-05-17T17:41:53Z
jOlsEx_KwwM,"“얘 봐라?” 양세찬, 외모 부스트 받기 위해 옆자리 사수한 공명에 당황↗",@둥근해미친거또떴네,김동현 진짜 너무 귀엽구요 ….,2,2026-05-17T14:57:11Z
jOlsEx_KwwM,"“얘 봐라?” 양세찬, 외모 부스트 받기 위해 옆자리 사수한 공명에 당황↗",@백홍쀼,너무 귀여워ㅠ ㅠ,1,2026-05-17T13:37:53Z
jOlsEx_KwwM,"“얘 봐라?” 양세찬, 외모 부스트 받기 위해 옆자리 사수한 공명에 당황↗",@doyochie,Gongmyung is so cute 🥺,1,2026-05-17T13:23:58Z
jOlsEx_KwwM,"“얘 봐라?” 양세찬, 외모 부스트 받기 위해 옆자리 사수한 공명에 당황↗",@유빈-f9v,공명 진짜 개 귀여움,10,2026-05-17T12:20:11Z
jOlsEx_KwwM,"“얘 봐라?” 양세찬, 외모 부스트 받기 위해 옆자리 사수한 공명에 당황↗",@kyurijung6840,세천이 안져 안져!,4,2026-05-17T10:49:55Z
jOlsEx_KwwM,"“얘 봐라?” 양세찬, 외모 부스트 받기 위해 옆자리 사수한 공명에 당황↗",@diversusreact1627,0:23 양세찬 너무 웃기고 귀엽네요 ㅋㅋㅋㅋㅋㅋㅋㅋ ❤️❤️❤️,14,2026-05-17T10:03:33Z
jOlsEx_KwwM,"“얘 봐라?” 양세찬, 외모 부스트 받기 위해 옆자리 사수한 공명에 당황↗",@유채옥-n6e,"박은채허수경누나 
박은채허다윤누나 
전한륜홍승현 전한륜홍승현 전한륜홍승현 전한륜홍승현 전한륜홍승현 전한륜홍승현 전한륜홍승현 전한륜홍승현",0,2026-05-17T09:44:54Z
jOlsEx_KwwM,"“얘 봐라?” 양세찬, 외모 부스트 받기 위해 옆자리 사수한 공명에 당황↗",@you...85,귀엽,13,2026-05-17T09:41:37Z
jOlsEx_KwwM,"“얘 봐라?” 양세찬, 외모 부스트 받기 위해 옆자리 사수한 공명에 당황↗",@mocha5078,공명 ..멤버로 가자 너무 자연스럽다,32,2026-05-17T09:40:49Z
jOlsEx_KwwM,"“얘 봐라?” 양세찬, 외모 부스트 받기 위해 옆자리 사수한 공명에 당황↗",@darial7078,0:27 so cute,5,2026-05-17T09:40:30Z
jOlsEx_KwwM,"“얘 봐라?” 양세찬, 외모 부스트 받기 위해 옆자리 사수한 공명에 당황↗",@장선우-w3p,1:23 지예은 발음……….,8,2026-05-17T09:40:09Z
QHpiTmp3pwk,"공명, 가족들이 ‘동생’ 도영에게 대표님이라고 부르는 이유!",@오태식14,역시 연옌 ㅋㅋ 비율남다르네 ㅋㅋ,1,2026-05-18T22:47:32Z
QHpiTmp3pwk,"공명, 가족들이 ‘동생’ 도영에게 대표님이라고 부르는 이유!",@맛동산천국,공명 어깨 깡패네😮,3,2026-05-18T13:33:19Z
QHpiTmp3pwk,"공명, 가족들이 ‘동생’ 도영에게 대표님이라고 부르는 이유!",@jiwontkfkdgo,어깨 밖에 안보여ㅋㅋㅋㅋㅋㅋ 강아지상 안좋아하는데 대체 왜 찾아다니고 있는거야ㅋ기ㅋㅋㅋㅋㅋ,4,2026-05-18T11:53:24Z
QHpiTmp3pwk,"공명, 가족들이 ‘동생’ 도영에게 대표님이라고 부르는 이유!",@박성욱-q5k,어제방송도 잘봤어요,0,2026-05-18T11:10:49Z
QHpiTmp3pwk,"공명, 가족들이 ‘동생’ 도영에게 대표님이라고 부르는 이유!",@user-el4ie1eo9l,몸이 엄청크네,0,2026-05-18T10:28:14Z
QHpiTmp3pwk,"공명, 가족들이 ‘동생’ 도영에게 대표님이라고 부르는 이유!",@ahadalj,"제가 이번 회차를 보고 느낀 부분들이에요.

첫 번째 미션에서 지효가 세찬과 대화하고 있었는데, 화면에는 재석과 세찬만 나오고 지효는 대화하고 있는데도 보여주지 않았어요.

발 리더(족상담사)가 예은의 결혼 이야기를 할 때 지효가 대화에 참여했는데, 지효 마이크 소리는 작게 들리고 멤버들이 웃는 장면만 나왔어요. 그런데 재석이 예은 이야기를 하자 바로 방송에 나왔고요.

예은이 게스트의 근육 이야기를 했을 때는 그 장면이 나왔는데, 지효도 게스트와 근육 이야기를 했지만 그 부분은 나오지 않았어요.

이름표 떼기 게임에서 팀이 게스트의 승리에 기뻐했는데, 멤버들의 반응은 다 보여주면서 지효의 반응은 보이지 않았어요.

지효가 자기 노력들이 지워지고, 실제와 다른 이유로 비난받는 모습을 보게 된다면 어떤 기분일까요?

맞아요, 지효는 조용한 편이에요. 하지만 분명 지금 방송에서 보이는 정도는 아니라고 생각해요.

반응을 하든 안 하든 결국 보여주지 않는 것처럼 느껴져요.",7,2026-05-18T04:57:29Z
QHpiTmp3pwk,"공명, 가족들이 ‘동생’ 도영에게 대표님이라고 부르는 이유!",@Orbit_aii,전체적으로 멤버교체하길.. 우와 맛있겠다 뭐냐고...,3,2026-05-18T03:19:14Z
QHpiTmp3pwk,"공명, 가족들이 ‘동생’ 도영에게 대표님이라고 부르는 이유!",@User-z1i1u279z,저게 진짜 벌크업이지 요샌 살만 찌면 다 벌크업이래 ㅋㅋㅋ,8,2026-05-18T02:11:21Z
QHpiTmp3pwk,"공명, 가족들이 ‘동생’ 도영에게 대표님이라고 부르는 이유!",@hilove9982,벌크업하니까 더 좋다....으헝...,9,2026-05-18T01:44:13Z
QHpiTmp3pwk,"공명, 가족들이 ‘동생’ 도영에게 대표님이라고 부르는 이유!",@ajinna-y4q,강아지 두부 상인데 몸이 화났어 !!! 멋잇따!!,29,2026-05-17T20:42:41Z
QHpiTmp3pwk,"공명, 가족들이 ‘동생’ 도영에게 대표님이라고 부르는 이유!",@김지원-x9q5c,"남자는 공명 nct고
여자는 공승연 트와이스인가 
두 가정의 부모님 진짜 너무 좋겠다",57,2026-05-17T15:43:49Z
QHpiTmp3pwk,"공명, 가족들이 ‘동생’ 도영에게 대표님이라고 부르는 이유!",@둥근해미친거또떴네,도련님 얼른 전역하세요,17,2026-05-17T14:56:52Z
QHpiTmp3pwk,"공명, 가족들이 ‘동생’ 도영에게 대표님이라고 부르는 이유!",@pbcthmj7,이제 런닝맨 진짜 안보게되네.. 놀뭐로가야지 송지효..에휴,10,2026-05-17T14:14:41Z
QHpiTmp3pwk,"공명, 가족들이 ‘동생’ 도영에게 대표님이라고 부르는 이유!",@박정각-i4e,게스트 비쥬얼이 최고입니다👍👍,12,2026-05-17T14:10:41Z
QHpiTmp3pwk,"공명, 가족들이 ‘동생’ 도영에게 대표님이라고 부르는 이유!",@nabillerra,소민아 공명이 떴다 얼른 와ㅏㅏㅏ!!!,4,2026-05-17T13:58:41Z
QHpiTmp3pwk,"공명, 가족들이 ‘동생’ 도영에게 대표님이라고 부르는 이유!",@백홍쀼,공명 개섹시해❤,0,2026-05-17T13:36:45Z
QHpiTmp3pwk,"공명, 가족들이 ‘동생’ 도영에게 대표님이라고 부르는 이유!",@doyochie,Gongmyung 🤍🤍🤍,1,2026-05-17T13:22:11Z
QHpiTmp3pwk,"공명, 가족들이 ‘동생’ 도영에게 대표님이라고 부르는 이유!",@yy1818-z8y,"공명 속마음
난 누군가 또 여긴 어딘가  ㅋㅋ",17,2026-05-17T12:50:44Z
QHpiTmp3pwk,"공명, 가족들이 ‘동생’ 도영에게 대표님이라고 부르는 이유!",@cucu3987,동형제 렛츠고,37,2026-05-17T12:46:22Z
QHpiTmp3pwk,"공명, 가족들이 ‘동생’ 도영에게 대표님이라고 부르는 이유!",@kvickar,동생은 키 조온나작네 ㅋㅋㅋㅋ,0,2026-05-17T11:49:53Z
QHpiTmp3pwk,"공명, 가족들이 ‘동생’ 도영에게 대표님이라고 부르는 이유!",@underground84100,공명배우가 런닝맨에 얼마만에 나오는거임??,47,2026-05-17T10:58:34Z
QHpiTmp3pwk,"공명, 가족들이 ‘동생’ 도영에게 대표님이라고 부르는 이유!",@뿡뿡이-k6s,몸 진짜 좋네. 김종국이 작아보이는게 쉽지 않은데,159,2026-05-17T10:58:17Z
QHpiTmp3pwk,"공명, 가족들이 ‘동생’ 도영에게 대표님이라고 부르는 이유!",@CSYLOVE,BS 들 지난주는 여물고 있다가 또 시작이네  ㅋ,3,2026-05-17T10:21:35Z
QHpiTmp3pwk,"공명, 가족들이 ‘동생’ 도영에게 대표님이라고 부르는 이유!",@diversusreact1627,0:03 양세찬은 정말 잘생기고 귀엽다. ❤❤❤❤❤❤,4,2026-05-17T10:15:37Z
QHpiTmp3pwk,"공명, 가족들이 ‘동생’ 도영에게 대표님이라고 부르는 이유!",@우재성-g7m,"형인감독님.요즘
런닝맨박진감도없고뭐별재미가없네요",10,2026-05-17T10:03:50Z
QHpiTmp3pwk,"공명, 가족들이 ‘동생’ 도영에게 대표님이라고 부르는 이유!",@두둥탁두둥실,진짜  제발  여자멤 얼마나 요새 예능잘하는 여자연옌들 많은데  저  가만히 앉아서 밥만축내는 얘를 의리랍시고 몇년 챙겨가요..  이럴땐 프로그램위해서도 내치는게 맞아요..,104,2026-05-17T09:40:04Z
QHpiTmp3pwk,"공명, 가족들이 ‘동생’ 도영에게 대표님이라고 부르는 이유!",@정정의복-d4c,정의복 결혼식 지예은 고백 강릉장로교희,2,2026-05-17T09:39:11Z
QHpiTmp3pwk,"공명, 가족들이 ‘동생’ 도영에게 대표님이라고 부르는 이유!",@Saranghaejjeongjjeong,"아주버님..🩷🩷😆 오늘도 너무 미남이세요❤️ 너무 잘생기시고, 비주얼 씹어드시고, 몸도 좋고.. 우리 아주버님 최고다 최고〰️",50,2026-05-17T09:39:10Z
QHpiTmp3pwk,"공명, 가족들이 ‘동생’ 도영에게 대표님이라고 부르는 이유!",@kiookjung313,"제작진들아.. 런닝맨이 위기이고 문제가 있다고 느꼈다면 
누구를 더할 생각말고 누군가를 빼야겠단 생각을 해보라고.. 
지금도 말없이 조용한 잉여멤버가 있는데 누굴 더 추가하냐고.. 
산만해지기만 하지.",47,2026-05-17T09:33:19Z
QHpiTmp3pwk,"공명, 가족들이 ‘동생’ 도영에게 대표님이라고 부르는 이유!",@Majesty_challenge1234,?? : 돈 많으면 형이야,20,2026-05-17T09:28:00Z
lh9aXhMfVeM,런닝맨패션지적9,@SBSRunningMan,"📌패션 지적.zip 9탄📌

00:19 710회
01:32 711회
03:28 724회
04:57 729회
08:12 730회
10:17 732회
13:13 738회
14:34 743회
16:52 744회",7,2026-05-15T09:01:22Z
lh9aXhMfVeM,런닝맨패션지적9,@aIwayswithme,어 석삼이형 패션 밤늦게 가면 대리운전 기사 본거같은데,0,2026-05-17T15:55:40Z
lh9aXhMfVeM,런닝맨패션지적9,@izabelseo9590,23:42 난 진짜 패션 지적 시리즈 통틀어서 이게 레전드라고 생각함ㅋㅋㅋㅋㅋㅋㅋㅋㅋㅋㅋㅋㅋㅋㅋㅋㅋㅋ저 휘황찬란한 어깨 뽕 원피스에 저 튀어나온 외계인 눈 안경잌ㅋㅋㅋㅋㅋㅋㅋㅋㅋㅋㅋㅋㅋㅋㅋㅋㅋㅋㅋㅋ볼때마다미치겠읔ㅋㅋㅋ큐ㅠㅠㅠㅠㅠㅜㅜㅋㅋㅋㅋㅋㅋㅋㅋㅋㅋㅋㅋㅋㅋㅋㅋㅋㅋㅋㅋㅋㅋㅋㅋㅋㅋㅋㅋㅋㅋ너무 설국열차 할머니얔ㅋㅋㅋㅋㅋㅋ쿠ㅜㅜㅜㅜㅜㅋㅋㅋㅋㅋㅋㅋㅋㅋㄴㅋㅋ,2,2026-05-17T13:54:36Z
lh9aXhMfVeM,런닝맨패션지적9,@마지막팬,😅꼼수😅얍잡이짓 😅,0,2026-05-17T10:17:53Z
lh9aXhMfVeM,런닝맨패션지적9,@Shuyang-Wind,"1.간만에 땅따먹기 특집 하면 재밌겠어요!
2.런닝맨 멤버들 MBTI도 궁금하고❤",1,2026-05-17T05:14:23Z
lh9aXhMfVeM,런닝맨패션지적9,@michaeloh6354,2:40 왜 예능에 나와서 저런식으로 화내는지?? 편집한거 보니까 화 계속내고 있는거 커트하고 저런식으로 수습한거 같은데 저러니까 분량이 안나오고 나와도 문제라고 하지. 최근분량논란 나오고도 아직도 저런식으로 화내면서 욕만 하던데 왜 하차안하고 계속나옴?,4,2026-05-16T12:39:18Z
lh9aXhMfVeM,런닝맨패션지적9,@시그널-k2y,"박은채허수경누나 
박은채허다윤누나 
전한륜홍승현 전한륜홍승현 전한륜홍승현",0,2026-05-16T06:50:39Z
lh9aXhMfVeM,런닝맨패션지적9,@wolf09-p4y,Can you invite txt in RunningMan for us ❤,0,2026-05-16T06:04:30Z
lh9aXhMfVeM,런닝맨패션지적9,@Ddd-k6l,27:44 ㅋㅋㅋㅋㅋㅋㅋ짝짝귀신 뉴욕 버전,2,2026-05-16T04:03:01Z
lh9aXhMfVeM,런닝맨패션지적9,@여봘봘,결국 파업 때문에 잠깐 흔들릴 순 있어도 지금 반도체 업황이 너무 좋아서 그 정도 손실은 그냥 다 메꿀 수 있다는 거네. 그래서 주가는 잠깐 출렁여도 결국엔 다시 우상향할 것 같음 ㅋㅋ,1,2026-05-15T22:43:29Z
lh9aXhMfVeM,런닝맨패션지적9,@최영진-c8w,지예은 나오네 퉤,0,2026-05-15T16:45:37Z
lh9aXhMfVeM,런닝맨패션지적9,@zzang913,팩붙인 채로 보다가 연령고지 재석님껀 어찌저찌 참았는데 석진님 코트 벗는순간 빵 터져서 팩 다 떨어졌어욬ㅋㅋㅋㅋㅋ쿠ㅜㅜㅜ,4,2026-05-15T16:22:13Z
lh9aXhMfVeM,런닝맨패션지적9,@해피엔해피,예은아 종국이형 2~30대 때 안 만난걸 다행으로 생각해랔ㅋㅋㅋㅋㅋㅋㅋ,5,2026-05-15T14:13:10Z
lh9aXhMfVeM,런닝맨패션지적9,@sy_kart,연령고지 패션은 진짜 레전드였다 ㅋㅋㅋㅋㅋ,35,2026-05-15T12:58:39Z
lh9aXhMfVeM,런닝맨패션지적9,@vnfma7,오프닝부터 설국열차 아줌마 쎄네 ㅋㅋㅋㅋㅋㅋㅋㅋㅋㅋ,0,2026-05-15T12:56:14Z
lh9aXhMfVeM,런닝맨패션지적9,@winnie_____,Eng sub plsss,1,2026-05-15T12:41:12Z
lh9aXhMfVeM,런닝맨패션지적9,@wunnahtun3801,Jihyo 💪💪💪🫶🫶🫶,1,2026-05-15T10:59:42Z
lh9aXhMfVeM,런닝맨패션지적9,@KkkK-ei6vu,이게 9탄까지 나온다는것도 대단하다ㅋㅋㅋ,22,2026-05-15T10:54:46Z
lh9aXhMfVeM,런닝맨패션지적9,@kkkktttt8,송지효 진짜 존나재미없네,9,2026-05-15T10:49:03Z
lh9aXhMfVeM,런닝맨패션지적9,@usfor3933,"송지효는 논란생기면 사과는 없고
뭐 할때마다 ""요즘 지효가 웃겨"" 하면서 주변에서 억지로 띄워주고 끝나네 어디 국장빽이라도있나",18,2026-05-15T10:37:18Z
lh9aXhMfVeM,런닝맨패션지적9,@시그널-k2y,"박은채허수경누나 
박은채허다윤누나 
전한륜홍승현 전한륜홍승현 전한륜홍승현 전한륜홍승현 전한륜홍승현",0,2026-05-15T10:22:01Z
lh9aXhMfVeM,런닝맨패션지적9,@woojin__math-87,썸네일을 보고 제목이 납득되었다,11,2026-05-15T09:44:17Z
lh9aXhMfVeM,런닝맨패션지적9,@이찬우-d5w,"0:43 아참, 하하씨는 가수였죠?",5,2026-05-15T09:38:24Z
lh9aXhMfVeM,런닝맨패션지적9,@김재민-n9w,난 지석진 패션이 웃긴것 같음ㅋㅋㅋㅋㅋㅋ,12,2026-05-15T09:31:27Z
lh9aXhMfVeM,런닝맨패션지적9,@은빛왕자-95,런닝맨 패션 지적이 오랜만에 올라오네요.,33,2026-05-15T09:10:35Z
lh9aXhMfVeM,런닝맨패션지적9,@버블진주,3:08 종간나새끼요? ㅋㅋㅋ,0,2026-05-15T09:07:38Z
lh9aXhMfVeM,런닝맨패션지적9,@hidekyle4335,0:01 이건 지적을 할수밖에 없는데ㅋㅋㅋ,34,2026-05-15T09:02:36Z
CtOk1znTIo0,예능신강림,@ramayakumar2084,Happy but sad should be in the hall of fame definitely 😂😂😂😂,0,2026-05-17T16:59:01Z
CtOk1znTIo0,예능신강림,@ramayakumar2084,Can't kwangsoo please come back 😢😢😢😢😢😢,0,2026-05-17T16:58:27Z
CtOk1znTIo0,예능신강림,@서재성-z4c,광수 빼곤 런닝맨 상상할수도 없었는데 ㅜ,0,2026-05-17T04:25:03Z
CtOk1znTIo0,예능신강림,@_binee2812,이 영상.. 이광수님이 게스트로 곧 온다는 증표로 받아들이면 될까요? 스브스님???,0,2026-05-16T22:43:05Z
CtOk1znTIo0,예능신강림,@marwahpurnama,520 the best episode ever 🤣🤣🤣🤣,0,2026-05-16T04:15:46Z
CtOk1znTIo0,예능신강림,@개팡이-w6d,ㅋㅋㅋ아니 분량90퍼가 광수야,0,2026-05-16T02:52:31Z
CtOk1znTIo0,예능신강림,@우재성-g7m,전소민.이광수뭐잘되는것도없어면서왜나같을까?,0,2026-05-15T11:11:17Z
CtOk1znTIo0,예능신강림,@kimuhogu,돌아오는 시그널인가??,0,2026-05-15T08:58:01Z
CtOk1znTIo0,예능신강림,@머야임마o,진짜 다시나와주면 안되나?? 정말로..ㅠㅠㅠㅠ,0,2026-05-15T07:04:21Z
CtOk1znTIo0,예능신강림,@뿌뿌쀼쀼,"광수형 형 하차할때   런닝맨 출연권 프리패스 받았잖아!!!!!
어서 나와줘 ㅜㅜㅜ!!!",0,2026-05-15T01:59:38Z
CtOk1znTIo0,예능신강림,@user-t7i2f,광수는 진짜 대체제가 없다..😮😮😢,1,2026-05-14T23:58:20Z
CtOk1znTIo0,예능신강림,@rose_dn,5:42 ㅋㅋㅋㅋㅋㅋㅋ 혼자보다 육성으로 터짐 ㅋㅋㅋㅋㅋㅋㅋ,1,2026-05-14T20:42:10Z
CtOk1znTIo0,예능신강림,@하잉-c1r,지금 진짜 지예은 연애 얘기만하고 너무 재미없음...,10,2026-05-14T15:26:20Z
CtOk1znTIo0,예능신강림,@rlaalsrl-v3s,날계란도 레전드이긴한데 만장일치 레이스때 통아저씨 시작하자마자 바로 튀어나온게 진짜 예능신 접신이였음ㅋㅋㅋㅋㅋㅋㅋㅋㅋㅋㅋㅋㅋㅋㅋㅋㅋ,4,2026-05-14T15:19:40Z
CtOk1znTIo0,예능신강림,@어이쇠사슬,런닝맨 이광수는 국보다,1,2026-05-14T15:05:42Z
CtOk1znTIo0,예능신강림,@VaderetroSatana911,"광수얼굴 썸넬에 다 박아놔도
조회수 날라간 건 복구가 안되는구나",0,2026-05-14T13:59:34Z
CtOk1znTIo0,예능신강림,@강동휘-z9l,이정도면 광수형 게스트라도나와라 제발,0,2026-05-14T13:39:01Z
CtOk1znTIo0,예능신강림,@carthooongii,"아카펠라 영상이 보면 볼수록 웃긴게
연습할 때: 목 아껴서 그런거라고 함
공연할 때: 연습을 너무 열심히 해서 그런거라고 함
ㅋㅋㅋㅋㅋㅋㅋㅋㅋㅋㅋㅋㅋㅋㅋㅋㅋㅋㅋㅋㅋ 그리고 자막 한줄한줄이 웃김ㅠㅠ",4,2026-05-14T13:27:46Z
CtOk1znTIo0,예능신강림,@Meecn,ㅋㅋㅋㅋㅋㅋㅋㅋㅋㅋㅋㅋㅋㅋㅋㅋㅋㅋㅋㅋㅋㅋㅋㅋㅋㅋㅋㅋㅋㅋㅋㅋㅋㅋㅋㅋㅋㅋㅋㅋㅋㅋㅋㅋㅋㅋㅋㅋㅋㅋㅋㅋ,0,2026-05-14T12:51:54Z
CtOk1znTIo0,예능신강림,@XellOsGame,"광수형 솔직히 골드랜드 재밌고, 잘되고 있는거 같은데 ㅋㅋㅋ 런닝맨 한번 나와줘",0,2026-05-14T12:07:33Z
CtOk1znTIo0,예능신강림,@이찬우-d5w,다음에는 개리 모음 영상일까요?,2,2026-05-14T11:22:23Z
CtOk1znTIo0,예능신강림,@찐친,솔직하게 광수형님이 런닝맨 7~80% 한 거 같은데?,0,2026-05-14T11:13:44Z
CtOk1znTIo0,예능신강림,@R-qe4mv,멤버가 바뀌어도 항상 이광수나오는 편은 찾아 봄,4,2026-05-14T10:29:04Z
CtOk1znTIo0,예능신강림,@학범이-z7w,이경규형님이 인정하는 예능인 이광수형 😂❤,0,2026-05-14T09:42:32Z
CtOk1znTIo0,예능신강림,@Lee_Enfield,광수 나간지가 언젠데 아직도 광수로 우려먹고 있나....,5,2026-05-14T09:42:04Z
CtOk1znTIo0,예능신강림,@레드달,이광수는 중스타라서 런닝맨 못 나옴 ㅋㅋㅋㅋㅋㅋㅋㅋㅋㅋㅋ (열받으면 나와라 광수야~),12,2026-05-14T09:39:05Z
CtOk1znTIo0,예능신강림,@ireneliu6908,볼 때마다 너무 웃겨요,4,2026-05-14T09:37:37Z
CtOk1znTIo0,예능신강림,@september1516,"이외에 ㄹㅈㄷ장면들: 광바타 분장만하면 웃음참기 끝남(끝났어???표정) , 헬멧편때 나비가 코에 앉음, 개리를 발견했을때 동시에 이광수 아웃방송뜸 , 사파리편때 기린과 교감및 기린이 광수형만 쳐다봄(삼각관계)등",19,2026-05-14T09:37:27Z
CtOk1znTIo0,예능신강림,@뮤직뱅크클래식1위-n6o,"4:13 표정이랑 소리 진짜 ㅋㅋㅋㅋ 웃겨 뒤지겄다
9:21 사랑스럽게 달걀 먹는 지효누나
13:25 원샷 원킬",5,2026-05-14T09:34:30Z
CtOk1znTIo0,예능신강림,@KNnahida,"진짜 정철민 PD때 8인 체제 첨 봤을 때 그 웃음이 아직도 기억나요......특히 이광수씨, 전소민씨 두 분이요...",10,2026-05-14T09:28:33Z
CtOk1znTIo0,예능신강림,@언제나_유진,5:32 아 진짜ㅋㅋㅋㅋㅋㅋㅋㅋㅋ😂,18,2026-05-14T09:27:41Z
CtOk1znTIo0,예능신강림,@Cos-m9f,게스트로 이광수 전소민 부르고 뭐 딱히 안 시켜도 시청률 지금보다 2배이상으로 나올 듯..그럼 제작진도 편하고 우리도 좋고 일석이조일텐데..,12,2026-05-14T09:12:51Z
CtOk1znTIo0,예능신강림,@키_작은_꼬마,하차 했는데 이 정도 나오면 진짜 얼마나 지분이 컸는지 감도 안온다 ㅋㅋㅋㅋㅋㅋ,105,2026-05-14T09:11:38Z
CtOk1znTIo0,예능신강림,@서지니-w2e,이정도면 런닝맨좀 나와줘 광수형...,43,2026-05-14T09:10:30Z
CtOk1znTIo0,예능신강림,@woo1442,이광수 코에 살포시 앉은 나비를 잊을수가 없다ㅋㅋㅋㅋ,59,2026-05-14T09:08:27Z
CtOk1znTIo0,예능신강림,@빵꾸똥꾸-l9z,메인피디 감없네 아이디어 없으면 제발 광수라도 게스트로 부르라고!!!!!!,3,2026-05-14T09:07:51Z
CtOk1znTIo0,예능신강림,@Majesty_challenge1234,"예능신 파업 중인 현재의 런닝맨.........




기존의 멤버6명에다가 게스트 나오는 방식으로 다시 바꾸자.....",10,2026-05-14T09:03:39Z
CtOk1znTIo0,예능신강림,@g6p-l3o,광수 돌아와ㅜㅜ,2,2026-05-14T09:03:39Z
O5B0MH1plSk,광수네집들이,@둥등둥-k3s,"지예은 빼고 전소민 이광수 컴백하자
배가뷸러서 맨날 내빼는애 보기싫다",0,2026-05-17T11:20:46Z
O5B0MH1plSk,광수네집들이,@시그널-k2y,"박은채허수경누나
박은채허다윤누나 
전한륜홍승현 전한륜홍승현 전한륜홍승현 전한륜홍승현 전한륜홍승현 전한륜홍승현",0,2026-05-15T09:33:52Z
O5B0MH1plSk,광수네집들이,@snorlax-g4d-s3t,복귀각인가,0,2026-05-15T02:27:54Z
O5B0MH1plSk,광수네집들이,@SoyoungMin-g5f8d,"미추리도 좋았는데
팼떳도 좋았고 그런건 왜 안하는걸까 
방송국 넘들 너무 욕심만 넘처",0,2026-05-15T01:59:56Z
O5B0MH1plSk,광수네집들이,@SoyoungMin-g5f8d,"난 초창기 런닝맨이 좋아
쇼핑몰 홍보도 되고 
무한도전도 
난 무모한도전이 더 좋아",1,2026-05-15T01:58:00Z
O5B0MH1plSk,광수네집들이,@SoyoungMin-g5f8d,"광수는 왜 계속 올리지 
다시 나오려고 그런가?",0,2026-05-15T01:56:35Z
O5B0MH1plSk,광수네집들이,@Gold-f4h,광수 소민이 같이 나와서 2주정도 나오면 진짜  시청률 터질텐데 이걸 안 하네,0,2026-05-15T01:53:29Z
O5B0MH1plSk,광수네집들이,@형규한-j1o,배신의 아이콘,1,2026-05-14T23:06:29Z
O5B0MH1plSk,광수네집들이,@형규한-j1o,ㅋㅋㅋㅋ,0,2026-05-14T23:06:09Z
O5B0MH1plSk,광수네집들이,@형규한-j1o,이꽝수,0,2026-05-14T23:06:04Z
O5B0MH1plSk,광수네집들이,@형규한-j1o,기린 기린,0,2026-05-14T22:58:18Z
O5B0MH1plSk,광수네집들이,@jy0120jy,골드랜드 방문 ㅋㅋ,0,2026-05-14T22:13:12Z
O5B0MH1plSk,광수네집들이,@jy0120jy,ㅋㅋㅋㅋㅋ,0,2026-05-14T22:12:54Z
O5B0MH1plSk,광수네집들이,@leedo4040,"광수형...
유느랑 그렇게 민박집 찍고 그럴거면 런닝맨 나와줘요..
흐린 눈 하고 박수칠게..제발",3,2026-05-14T17:59:43Z
O5B0MH1plSk,광수네집들이,@MuhammadIlham-bb6zo,"F**K COMPILATION, JUST BRING BACK LEE KWANG SOO",0,2026-05-14T16:08:35Z
O5B0MH1plSk,광수네집들이,@user-tlakfsi0274,광수 챙겨주는거 너무 좋다..진짜 가족같음ㅠㅠ,3,2026-05-14T14:51:26Z
O5B0MH1plSk,광수네집들이,@haengho1909,광수 복기 기원 1일차,1,2026-05-14T12:23:22Z
O5B0MH1plSk,광수네집들이,@kangibangi,런닝맨에 나오는거 기대한다??????,0,2026-05-14T12:07:57Z
O5B0MH1plSk,광수네집들이,@Iamme135,광수 런닝맨 컴백 기원 ! 아무도 뭐라안해 다시와...,0,2026-05-14T11:57:58Z
O5B0MH1plSk,광수네집들이,@love-x2-1,"와 광수랜드 .. 골드랜드 .. 진짜 감동이다 
광수가 꼭 봤으면🥲❤️
그리고 여러분 골드랜드 존잼이에요 ㅠㅠ",0,2026-05-14T11:45:11Z
O5B0MH1plSk,광수네집들이,@강성근-v95m,"5:01 다 나가!!!💢💢💢
5:04 삐 - (죽여버린다 진짜!)",0,2026-05-14T11:43:17Z
O5B0MH1plSk,광수네집들이,@학범이-z7w,광준표형네 습격사건😂❤ 광수형 네에 막무가내로 쳐들어온 런닝맨 멤버들,1,2026-05-14T11:15:13Z
O5B0MH1plSk,광수네집들이,@메일알파,"광수형 진짜 복귀 보여줘
사례 만들자",4,2026-05-14T10:58:47Z
O5B0MH1plSk,광수네집들이,@이찬우-d5w,"이광수씨...
어떤 때는 찌질하고 처절한 모습...
어떤 때는 진지하고 멋있는 모습...",11,2026-05-14T10:16:04Z
O5B0MH1plSk,광수네집들이,@KNnahida,새로운 영상 볼때마다 계속 이광수씨가 보여서 이쯤되면 게스트 섭외를....,1,2026-05-14T10:07:16Z
O5B0MH1plSk,광수네집들이,@visieg1235,"5:02 ""죽여버릴까"" ㅋㅋㅋㅋㅋㅋㅋㅋㅋㅋㅋㅋㅋㅋㅋㅋ",0,2026-05-14T10:00:35Z
O5B0MH1plSk,광수네집들이,@Songhayoungfan,런닝맨: 왕의 귀환,7,2026-05-14T09:57:15Z
O5B0MH1plSk,광수네집들이,@ryugi2714,이 영상 올려주시는 거 보니 이광수님 곧 게스트로 나오시는건가요??,13,2026-05-14T09:30:17Z
O5B0MH1plSk,광수네집들이,@KIM-f5z3y,이광수 복귀 기원,26,2026-05-14T09:24:21Z
O5B0MH1plSk,광수네집들이,@뮤직뱅크클래식1위-n6o,"4:36 나 진짜 신고해 ㅋㅋ
5:05 입 모양이 너무 티 나잖아 ㅋㅋㅋㅋ
5:44 탈 쓰고 등장하는 유혁 ㅋㅋㅋ
8:46 서너개 있더라 ㅋㅋㅋㅋ
11:02 이게 무슨 소리야 ㅋㅋㅋ
12:30 여보 🤍
14:24 불편해서 못 먹겠어 ㅋㅋ",2,2026-05-14T09:07:05Z
O5B0MH1plSk,광수네집들이,@몰라-n6e,"조회수 치트키.. 자나요
골드랜드 나왓다고 이전맴버챙기는거 스윗해",72,2026-05-14T09:03:59Z
O5B0MH1plSk,광수네집들이,@scmylord,골드랜드도보자 !!,3,2026-05-14T09:03:47Z
O5B0MH1plSk,광수네집들이,@티키무비,골드랜드 나왔다고 썸네일 제목이ㅋㅋㅋㅋㅋㅋ😂,43,2026-05-14T09:01:02Z
cwUm0XDK9EA,내려줘,@홍성은-b4t,ㅋㅋㅋㅋㅋㅋㅋㅋㅋ아 나 이거 또 보고있네,0,2026-05-18T11:23:00Z
cwUm0XDK9EA,내려줘,@nanisantiago307,😂😁🤣😂😱,0,2026-05-17T02:28:20Z
cwUm0XDK9EA,내려줘,@도영킹왕짱-No.5,24:05 석진이형 ㅈㄴ 웃기넼ㅋㅋㅋㅋㅋㅋㅋㅋㅋㅋ,9,2026-05-15T11:00:15Z
cwUm0XDK9EA,내려줘,@팡이-f5r,"경주월드 와서 놀이기구 타는 거 벌칙으로 이용해도 되겠네요!!!!!(드라켄,파에톤 같은 무시무시한 놀이기구 타면서)",5,2026-05-13T01:46:20Z
cwUm0XDK9EA,내려줘,@aIwayswithme,썸네일 석삼이형 ㅋ.ㅋ.ㅋㅋ..ㅋ.ㅋ.ㅋ.ㅋ,14,2026-05-12T18:39:52Z
cwUm0XDK9EA,내려줘,@VaderetroSatana911,ㅋㅋㅋㅋ,0,2026-05-12T16:16:25Z
cwUm0XDK9EA,내려줘,@jin-re8sp,언제 한번 경주월드 와서 놀이기구 타셔야하는데 벌칙으로 라도,3,2026-05-12T13:00:12Z
cwUm0XDK9EA,내려줘,@학범이-z7w,버즈 겁쟁이 런닝맨 멤버😂❤,1,2026-05-12T11:51:28Z
cwUm0XDK9EA,내려줘,@햐-c3j,21:21 여기가 진짜 개웃김,22,2026-05-12T11:15:41Z
cwUm0XDK9EA,내려줘,@ue_00,아나 요즘 모음집 미치겠넼ㅋㅋㅋㅋㅋㅋㅋㅋㅋㅋㅋㅋㅋㅋㅋㅋㅋㅋㅋㅋㅋㅋㅋㅋㅋㅋㅋㅋㅋㅋㅋㅋㅋㅋㅋㅋㅋㅋㅋㅋㅋㅋㅋㅋㅋㅋㅋㅋㅋㅋㅋㅋㅋㅋㅋㅋㅋㅋㅋㅋㅋㅋㅋ,51,2026-05-12T11:02:51Z
cwUm0XDK9EA,내려줘,@이찬우-d5w,마침 퇴근 시간에 잘 나와줬네요.,25,2026-05-12T09:02:56Z
EjeHgVVkYR8,"[5월 17일 예고] 런닝맨 멤버들, ‘예비 임차인(?)’ 공명과 함께 본격 소비 전쟁♨",@fhjgethka,인기순 댓글들 알바냐??,1,2026-05-16T20:06:36Z
EjeHgVVkYR8,"[5월 17일 예고] 런닝맨 멤버들, ‘예비 임차인(?)’ 공명과 함께 본격 소비 전쟁♨",@초코리-w2m,"아이브 전체가 나왔을 때 했던 게임 또 해주세요!!
정말 재밌게 봤거든요",0,2026-05-16T10:59:42Z
EjeHgVVkYR8,"[5월 17일 예고] 런닝맨 멤버들, ‘예비 임차인(?)’ 공명과 함께 본격 소비 전쟁♨",@박성욱-q5k,에스파  아이브 아일릿 앤믹스 있지 씨야 하츠투하츠 출연 존버합니다,0,2026-05-16T07:08:50Z
EjeHgVVkYR8,"[5월 17일 예고] 런닝맨 멤버들, ‘예비 임차인(?)’ 공명과 함께 본격 소비 전쟁♨",@진우김-q3j,감사합니다,0,2026-05-16T01:17:55Z
EjeHgVVkYR8,"[5월 17일 예고] 런닝맨 멤버들, ‘예비 임차인(?)’ 공명과 함께 본격 소비 전쟁♨",@robot-i6t,이름표뜯기는 건물하나 빌려서 추격하면서 이름뜯는 스릴이 진또배기인데 미니게임이나 멤버들이 자발적으로 하는거에 소모되는게 아쉬움,0,2026-05-15T03:40:44Z
EjeHgVVkYR8,"[5월 17일 예고] 런닝맨 멤버들, ‘예비 임차인(?)’ 공명과 함께 본격 소비 전쟁♨",@진하324,송지효는 눈치좀 챙겨라 진짜..  몇년째냐,12,2026-05-13T10:45:23Z
EjeHgVVkYR8,"[5월 17일 예고] 런닝맨 멤버들, ‘예비 임차인(?)’ 공명과 함께 본격 소비 전쟁♨",@dmlrussorl,"여자 PD 된 이후 우물안개구리 수준. 격이 너무 떨어짐
중고등학교 레크레이션 + 외계인 =  시청자 무시 구독취소 시청안함",6,2026-05-12T10:36:17Z
EjeHgVVkYR8,"[5월 17일 예고] 런닝맨 멤버들, ‘예비 임차인(?)’ 공명과 함께 본격 소비 전쟁♨",@hyj2582,요즘 왜 김아영은 왜 안나옴,2,2026-05-12T08:56:18Z
EjeHgVVkYR8,"[5월 17일 예고] 런닝맨 멤버들, ‘예비 임차인(?)’ 공명과 함께 본격 소비 전쟁♨",@우주-uuju,공명 전소민 있을때보고 너무 오랜만이자나ㅠㅠ 몸이 더커졌네.. 여전히 존잘이다,1,2026-05-12T07:32:31Z
EjeHgVVkYR8,"[5월 17일 예고] 런닝맨 멤버들, ‘예비 임차인(?)’ 공명과 함께 본격 소비 전쟁♨",@진하324,배우 그만부르고 임대할거면 예능인좀 불러라. 옆동네 최우수산 베테랑 예능인만 불러서 하는데 반응 좋은데 여긴 왜이리 배우못불러서 안달림,2,2026-05-11T16:34:09Z
EjeHgVVkYR8,"[5월 17일 예고] 런닝맨 멤버들, ‘예비 임차인(?)’ 공명과 함께 본격 소비 전쟁♨",@zbxm0414,강한나 임대멤버로 하면 좋을 텐데..,6,2026-05-11T15:01:17Z
EjeHgVVkYR8,"[5월 17일 예고] 런닝맨 멤버들, ‘예비 임차인(?)’ 공명과 함께 본격 소비 전쟁♨",@esfp-2000,노대리 여기서도 보네,5,2026-05-11T09:26:06Z
EjeHgVVkYR8,"[5월 17일 예고] 런닝맨 멤버들, ‘예비 임차인(?)’ 공명과 함께 본격 소비 전쟁♨",@시그널-k2y,"박은채허수경누나 
박은채허다윤누나 
전한륜홍승현 전한륜홍승현 전한륜홍승현 전한륜홍승현 전한륜홍승현",0,2026-05-11T09:17:20Z
EjeHgVVkYR8,"[5월 17일 예고] 런닝맨 멤버들, ‘예비 임차인(?)’ 공명과 함께 본격 소비 전쟁♨",@xovely.y,공명 너무 좋아요😆,8,2026-05-11T09:04:33Z
EjeHgVVkYR8,"[5월 17일 예고] 런닝맨 멤버들, ‘예비 임차인(?)’ 공명과 함께 본격 소비 전쟁♨",@미크슨,물가 진짜 최근 사이에 너무 오른듯,1,2026-05-11T08:47:30Z
EjeHgVVkYR8,"[5월 17일 예고] 런닝맨 멤버들, ‘예비 임차인(?)’ 공명과 함께 본격 소비 전쟁♨",@박성욱-q5k,"여자 임대멤버 추가로 더 영입해도 좋을듯
런닝맨에서 활약했던 게스트중에
강한나 김아영 주현영 한선화 허영지 정도가 가장 현실적인 선택일것같아요",3,2026-05-11T06:45:19Z
EjeHgVVkYR8,"[5월 17일 예고] 런닝맨 멤버들, ‘예비 임차인(?)’ 공명과 함께 본격 소비 전쟁♨",@조질란테-j1v,"외모가 평범치 않아서 그렇지 임대한다면 유희관 > 공명이지. 운동되고 적극적이고 예능도 적응 잘하겠더만. 송지효 들이대도 안빼는거 보니 지효 분량에도 도움될거라 본다 여자가 임대오길 바라지만, 남자가 온다면 <김동현 유희관 장동민 차태현 허경환> 중에서 1인? 근데 다 40이  넘어간다 ㅋㅋㅋㅋㅋㅋ 진짜 예능 고령화 심하네. 40이하 젊은 남자들중 임대하기 괜찮은 사람 또 누구있었지?
제작진이 댓 볼수 있으니 적당한 사람들 답글 좀 남겨주세요",1,2026-05-11T06:08:11Z
EjeHgVVkYR8,"[5월 17일 예고] 런닝맨 멤버들, ‘예비 임차인(?)’ 공명과 함께 본격 소비 전쟁♨",@Caroline_in_pink,Fuck that you never care about international fans’ opinions. Not even with translation. Fuck that shit Fucking do whatever y’all want.,1,2026-05-11T04:31:56Z
EjeHgVVkYR8,"[5월 17일 예고] 런닝맨 멤버들, ‘예비 임차인(?)’ 공명과 함께 본격 소비 전쟁♨",@또띤이,예능에서 못본 얼굴이라 좋은데 왜들 난리여; 하여튼 시어머니들 ㅈㄴ 많아ㅋㅋㅋㅋㅋㅋㅋ 니들이 가서 뛰어,2,2026-05-11T03:17:46Z
EjeHgVVkYR8,"[5월 17일 예고] 런닝맨 멤버들, ‘예비 임차인(?)’ 공명과 함께 본격 소비 전쟁♨",@user-ku2db3zl4b,나는 피디님목소리거 너무 거슬림ㅠㅠ지금 재방보고있는데 하이톤에 너무 힘쓰는 목소리라 귀아파요...,3,2026-05-11T02:54:41Z
EjeHgVVkYR8,"[5월 17일 예고] 런닝맨 멤버들, ‘예비 임차인(?)’ 공명과 함께 본격 소비 전쟁♨",@싯팔이,임대고 뭐고 니들이 런닝맨 피디하셈 그럼 걍 닥치고 봐라 런닝맨 끝물은 무슨 ㅋ ott 예능프로 1위인데 보기 싫으면 보지를 말던가,1,2026-05-11T02:52:46Z
EjeHgVVkYR8,"[5월 17일 예고] 런닝맨 멤버들, ‘예비 임차인(?)’ 공명과 함께 본격 소비 전쟁♨",@HINA_CNV,그냥 런닝맨 임대제도 좀 그만 했으면 좋겠음 그럴 시간에 게임 퀄리티나 더 높이자..,14,2026-05-11T02:13:42Z
EjeHgVVkYR8,"[5월 17일 예고] 런닝맨 멤버들, ‘예비 임차인(?)’ 공명과 함께 본격 소비 전쟁♨",@두둥탁두둥실,송지효 하차시키고  여자멤 새로뽑는게 더 분위기 좋어질거같음,17,2026-05-11T01:44:43Z
EjeHgVVkYR8,"[5월 17일 예고] 런닝맨 멤버들, ‘예비 임차인(?)’ 공명과 함께 본격 소비 전쟁♨",@namulkong8224,지예은빼고 공명투입가자,5,2026-05-11T01:20:51Z
EjeHgVVkYR8,"[5월 17일 예고] 런닝맨 멤버들, ‘예비 임차인(?)’ 공명과 함께 본격 소비 전쟁♨",@쭈꾸미-x7t,송지효는 진짜 좀 빼라,21,2026-05-11T01:01:15Z
EjeHgVVkYR8,"[5월 17일 예고] 런닝맨 멤버들, ‘예비 임차인(?)’ 공명과 함께 본격 소비 전쟁♨",@underground84100,"짐종국에서 강형선피디님께서 임대멤버
공명님  추천했는데.
나는 공명님 임대멤버로 비추천 의견임
공명씨가 싫어서 비추천 아니라.
공명씨가 아닌 다른 연예인들이 런닝맨
임대멤버가 와도 비추천임.
처음 임대 멤버 였던 최다니엘님도 
소민이랑 게스트 나올때까지만하더라도
욕은 안먹었는데  임대멤버 되면서
욕이라는 욕은 엄청 먹었음.
정식멤버였던 소민이도 게스트로 나올때
욕안먹다가   정식멤버되고나서  소민이
sns와 동생분 sns 악플 DM하고 하차하라 DM까지 받은 일이 있어서.
공명씨든 누가 들어와도 욕하는사람들
있어 임대멤버는 반대임",10,2026-05-10T20:21:28Z
EjeHgVVkYR8,"[5월 17일 예고] 런닝맨 멤버들, ‘예비 임차인(?)’ 공명과 함께 본격 소비 전쟁♨",@sungyoo6771,"아니 공명이든뭐든 또먹네,,
1년전부터 런닝맨 1화부터 다시보고있는데
진짜ㅈㄴ재밌음~ 요즘께 얼마나재미없으면
옛날께 ㅈㄴ재밌냐??
'걷지말고 뛰어라' 이거 잊은거냐??
그럴꺼면 프로그램 이름이나 바꿔라~
폐지해도 나쁘지않다 이제 정으로 보는것도
지친다 ..",6,2026-05-10T19:46:55Z
EjeHgVVkYR8,"[5월 17일 예고] 런닝맨 멤버들, ‘예비 임차인(?)’ 공명과 함께 본격 소비 전쟁♨",@555-l6g,아니 멤버한명만 빼도 분위기 확 바뀔꺼같은데 새로뽑는다고 뭐가바뀌나?,28,2026-05-10T17:07:25Z
EjeHgVVkYR8,"[5월 17일 예고] 런닝맨 멤버들, ‘예비 임차인(?)’ 공명과 함께 본격 소비 전쟁♨",@룰루랄라-i9e,오늘 너무 재밌었어요 얼른 다음 편도 보고싶어요ㅋㅋㅋㅋㅋ,1,2026-05-10T16:05:07Z
EjeHgVVkYR8,"[5월 17일 예고] 런닝맨 멤버들, ‘예비 임차인(?)’ 공명과 함께 본격 소비 전쟁♨",@안구정화-e4j,공명님 임대멤버 비추해요...최다니엘처럼 개욕받이 자리에요~가끔 게스트로ㄱㄱ,36,2026-05-10T15:56:14Z
EjeHgVVkYR8,"[5월 17일 예고] 런닝맨 멤버들, ‘예비 임차인(?)’ 공명과 함께 본격 소비 전쟁♨",@minenafr9768,아 제발 공명임대 조아요 진짜 공명을 더 오래볼스있잖아 이게외않되,5,2026-05-10T15:33:00Z
EjeHgVVkYR8,"[5월 17일 예고] 런닝맨 멤버들, ‘예비 임차인(?)’ 공명과 함께 본격 소비 전쟁♨",@박성욱-q5k,"오늘방송도 재밌었어요 
채원빈 예능잘하네요 자주나왔으면 좋겠어요 또 불러주세요 
다음주도 기대할께요 본방사수예정 
5월 에스파 있지 컴백하면 런닝맨 꼭 출연했으면 좋겠어요 형선 pd님 인터뷰에서 언급도 하셨는데
800회 대기록 '런닝맨' PD ""멤버들 덕분…뷔·덱스·카리나 섭외하고파""
멤버들에게 언급은 많이 됐던 에스파 카리나 씨를 모시고 싶다""라고 말했다.
출처:뉴스1 800회 특집 인터뷰 중
올해는 에스파 있지 좀 꼭 섭외해주세요 
씨야 15년만에 컴백하는데 멤버들 런닝맨 좀 섭외해주세요",5,2026-05-10T15:08:55Z
EjeHgVVkYR8,"[5월 17일 예고] 런닝맨 멤버들, ‘예비 임차인(?)’ 공명과 함께 본격 소비 전쟁♨",@감쟈-t5w,신혜선도 같이 나오지 ㅋㅋㅋㅋ,7,2026-05-10T14:41:37Z
EjeHgVVkYR8,"[5월 17일 예고] 런닝맨 멤버들, ‘예비 임차인(?)’ 공명과 함께 본격 소비 전쟁♨",@채뤼포터,"양세찬님 훔치는건 좋은데, 너무 과도하게 많이 하는 거 같네요. 재미 있는 건 아는데, 혹시 몰라 15세 이상이더라도 아이들이 잘못 배울 까봐 그래서요. 뭐 제 개인적인 의견입니당, 저 충분히 욕하셔도 됩니당!",9,2026-05-10T14:05:28Z
EjeHgVVkYR8,"[5월 17일 예고] 런닝맨 멤버들, ‘예비 임차인(?)’ 공명과 함께 본격 소비 전쟁♨",@유재진-n6c,"하나 부탁드리고 싶은건 예전 작가진들좀 다시 불러오는건 안 되나요? 지금피디님하고 예전 작가진들이 만든  에핑편,권은비편이 제일 재밌었는데",6,2026-05-10T13:49:44Z
EjeHgVVkYR8,"[5월 17일 예고] 런닝맨 멤버들, ‘예비 임차인(?)’ 공명과 함께 본격 소비 전쟁♨",@크앙-x7d,박승규 바쁘네,4,2026-05-10T13:11:54Z
EjeHgVVkYR8,"[5월 17일 예고] 런닝맨 멤버들, ‘예비 임차인(?)’ 공명과 함께 본격 소비 전쟁♨",@Wonbjuuuaa,공명개좋음,52,2026-05-10T13:09:52Z
EjeHgVVkYR8,"[5월 17일 예고] 런닝맨 멤버들, ‘예비 임차인(?)’ 공명과 함께 본격 소비 전쟁♨",@따라라라-e4u,아직 확실히 임대하겠다 정해진것도 아니고 공명이 그당시 강훈처럼 인지도 낮은것도 아니고 지금 드라마 잘 되고있어서 굳이 할 것 같진않고 저거는 그냥 하도 김종국도 나오라하고 짐종국에서 전화도 연결하고 해서 한번 나가본거 아닌가? 벌써부터 걱정들이랑 기대를 하는건 ㅋㅋㅋ,116,2026-05-10T13:06:19Z
EjeHgVVkYR8,"[5월 17일 예고] 런닝맨 멤버들, ‘예비 임차인(?)’ 공명과 함께 본격 소비 전쟁♨",@HarperHenderson-d7e,"저는 그냥 새 인물 보는 걸 좋아해서
공명님이든 최다니엘님이던 다 좋네요!!!
배우한테 주둥이 잘 터는 재주는 기대하지 않아요.
비주얼 + 새 인물에게 말을 걸면 평소와 다른 대화가 나오니깐 그 부분만 있으면 충분하다고 느껴요!",2,2026-05-10T12:50:40Z
