video_id,video_title,author,comment,likes,date,sentiment,sentiment_score
3V8SLEXp5Eg,형편이 어려워 장난감 대신 몸으로 최선을 다해 놀아주던 아빠#유퀴즈온더블럭 | YOU QUIZ ON THE BLOCK EP.344,@옴마야-d4x8p,"매번 주는사람한테만 주고, 키워주고~~이런보석을 발견해주세요",0,2026-05-19T03:27:51Z,중립,0.1264
3V8SLEXp5Eg,형편이 어려워 장난감 대신 몸으로 최선을 다해 놀아주던 아빠#유퀴즈온더블럭 | YOU QUIZ ON THE BLOCK EP.344,@느긋-l7b,사람들이 다 알거 같아요 몸으로 재밌게 놀아준게 최고의 추억일거 같아요!!!,0,2026-05-19T03:25:21Z,중립,0.3306
3V8SLEXp5Eg,형편이 어려워 장난감 대신 몸으로 최선을 다해 놀아주던 아빠#유퀴즈온더블럭 | YOU QUIZ ON THE BLOCK EP.344,@남미현-q2f,따님들도 잘 키우셨구나.,0,2026-05-19T03:23:46Z,중립,0.4433
3V8SLEXp5Eg,형편이 어려워 장난감 대신 몸으로 최선을 다해 놀아주던 아빠#유퀴즈온더블럭 | YOU QUIZ ON THE BLOCK EP.344,@김보영-o1e7c,"좋은 아빠는 인생 최고의 선물입니다
부럽네요 자녀분들",0,2026-05-19T03:21:50Z,중립,0.407
3V8SLEXp5Eg,형편이 어려워 장난감 대신 몸으로 최선을 다해 놀아주던 아빠#유퀴즈온더블럭 | YOU QUIZ ON THE BLOCK EP.344,@blood264,장난감보다 아빠엄마랑 노는게 더 좋아요,0,2026-05-19T03:21:42Z,중립,0.2785
3V8SLEXp5Eg,형편이 어려워 장난감 대신 몸으로 최선을 다해 놀아주던 아빠#유퀴즈온더블럭 | YOU QUIZ ON THE BLOCK EP.344,@이혜경-m9i,"참 잘사셨네요
자녀에게 인정받는 아버지 
감동입니다",0,2026-05-19T03:16:10Z,중립,0.7226
3V8SLEXp5Eg,형편이 어려워 장난감 대신 몸으로 최선을 다해 놀아주던 아빠#유퀴즈온더블럭 | YOU QUIZ ON THE BLOCK EP.344,@헿헤,어릴때 갖고놀던 장난감은 다 기억나지 않지만 아빠와 함께한 시간들은 평생 가더라구요 사랑 받은 자식들은 힘이 있습니다,0,2026-05-19T03:13:41Z,중립,0.3258
3V8SLEXp5Eg,형편이 어려워 장난감 대신 몸으로 최선을 다해 놀아주던 아빠#유퀴즈온더블럭 | YOU QUIZ ON THE BLOCK EP.344,@세호-v2q,허수아비 잘 보고 있습니다 ㅎㅎ 다음 작품도 응원 하겠습니디!!,1,2026-05-19T02:55:45Z,중립,0.2128
3V8SLEXp5Eg,형편이 어려워 장난감 대신 몸으로 최선을 다해 놀아주던 아빠#유퀴즈온더블럭 | YOU QUIZ ON THE BLOCK EP.344,@김지현-i8f5j,"열번 스무번 돌려보며
내 마음을 다잡아봅니다..",1,2026-05-19T02:54:18Z,중립,0.0591
3V8SLEXp5Eg,형편이 어려워 장난감 대신 몸으로 최선을 다해 놀아주던 아빠#유퀴즈온더블럭 | YOU QUIZ ON THE BLOCK EP.344,@고현실-k5p,"너무~~
좋은 아빠 셨네요~

늘~~~

건강 하세요~^♡^
🎉❤🎉❤🎉❤",9,2026-05-19T02:42:19Z,중립,0.6006
3V8SLEXp5Eg,형편이 어려워 장난감 대신 몸으로 최선을 다해 놀아주던 아빠#유퀴즈온더블럭 | YOU QUIZ ON THE BLOCK EP.344,@선영이-x5w,보고배우는겁니다,1,2026-05-19T02:40:24Z,중립,0.1547
3V8SLEXp5Eg,형편이 어려워 장난감 대신 몸으로 최선을 다해 놀아주던 아빠#유퀴즈온더블럭 | YOU QUIZ ON THE BLOCK EP.344,@혜정박-u8f,2만원.. 눈물이 왈칵 ..,0,2026-05-19T02:33:54Z,중립,0.8879
3V8SLEXp5Eg,형편이 어려워 장난감 대신 몸으로 최선을 다해 놀아주던 아빠#유퀴즈온더블럭 | YOU QUIZ ON THE BLOCK EP.344,@오뉴블,"어떤 상황에서도 나에게 최선을 다한 멋진 아빠라는거, 따님들 평생 행복한 추억을 선물해주셨네요 ❤",0,2026-05-19T02:30:39Z,중립,0.7574
3V8SLEXp5Eg,형편이 어려워 장난감 대신 몸으로 최선을 다해 놀아주던 아빠#유퀴즈온더블럭 | YOU QUIZ ON THE BLOCK EP.344,@청평호처럼,어릴 때 명품옷 입혀 더러워질까 가만히 인형처럼 앉혀놓는거보다 싸고 편한 옷 입혀 맘껏 뒹글고 노는게 훨씬 기억에 남고 좋은 촉감 감각들이 발전해요. 훌륭한 교육이었어요^^,0,2026-05-19T02:29:48Z,중립,0.1656
3V8SLEXp5Eg,형편이 어려워 장난감 대신 몸으로 최선을 다해 놀아주던 아빠#유퀴즈온더블럭 | YOU QUIZ ON THE BLOCK EP.344,@오호jji,아 눙물나서 영상보다 멈춤,0,2026-05-19T02:26:31Z,중립,0.0638
3V8SLEXp5Eg,형편이 어려워 장난감 대신 몸으로 최선을 다해 놀아주던 아빠#유퀴즈온더블럭 | YOU QUIZ ON THE BLOCK EP.344,@전-d4f,유승목 최고죠❤,3,2026-05-19T02:09:01Z,중립,0.2063
3V8SLEXp5Eg,형편이 어려워 장난감 대신 몸으로 최선을 다해 놀아주던 아빠#유퀴즈온더블럭 | YOU QUIZ ON THE BLOCK EP.344,@초록초록-k6m,흥하시길,2,2026-05-19T02:08:23Z,중립,0.3123
3V8SLEXp5Eg,형편이 어려워 장난감 대신 몸으로 최선을 다해 놀아주던 아빠#유퀴즈온더블럭 | YOU QUIZ ON THE BLOCK EP.344,@닉네임사용안함,요즘은 태블릿 띡 틀어주고 몸으로 놀아주는 아빠 진짜 생각보다 드물다. 직접 교감하며 같이 놀아주는 엄마 아빠가 최고,1,2026-05-19T01:43:05Z,중립,0.2096
3V8SLEXp5Eg,형편이 어려워 장난감 대신 몸으로 최선을 다해 놀아주던 아빠#유퀴즈온더블럭 | YOU QUIZ ON THE BLOCK EP.344,@ah7968,부자세요,0,2026-05-19T01:40:15Z,중립,0.0947
3V8SLEXp5Eg,형편이 어려워 장난감 대신 몸으로 최선을 다해 놀아주던 아빠#유퀴즈온더블럭 | YOU QUIZ ON THE BLOCK EP.344,@sona_ejh,"돈 많아서 장난감 수두루 빽빽 사주는 부모보다..
장난감 안사줘도 몸으로 놀아주는 부모 밑에서 자란 아이들이 더 건강하답니다..",0,2026-05-19T01:33:52Z,중립,0.1912
3V8SLEXp5Eg,형편이 어려워 장난감 대신 몸으로 최선을 다해 놀아주던 아빠#유퀴즈온더블럭 | YOU QUIZ ON THE BLOCK EP.344,@nabangbooboo,딱보면 진심으로 아이들과 잘 놀아주셨을것 같다~,0,2026-05-19T01:28:06Z,중립,0.1314
3V8SLEXp5Eg,형편이 어려워 장난감 대신 몸으로 최선을 다해 놀아주던 아빠#유퀴즈온더블럭 | YOU QUIZ ON THE BLOCK EP.344,@ss-y8e,연기 진짜 잘하심. 승승장구 하세요^^,4,2026-05-19T01:24:51Z,중립,0.226
3V8SLEXp5Eg,형편이 어려워 장난감 대신 몸으로 최선을 다해 놀아주던 아빠#유퀴즈온더블럭 | YOU QUIZ ON THE BLOCK EP.344,@잔부르스라제,이양반 연기작살이던데..늦게 떴음.초심지키시고 승승장구 하시길,0,2026-05-19T01:12:43Z,중립,0.214
3V8SLEXp5Eg,형편이 어려워 장난감 대신 몸으로 최선을 다해 놀아주던 아빠#유퀴즈온더블럭 | YOU QUIZ ON THE BLOCK EP.344,@강하리-k7j,지금보다 앞으로 더잘되실꺼예요❤,5,2026-05-19T01:09:30Z,중립,0.2687
3V8SLEXp5Eg,형편이 어려워 장난감 대신 몸으로 최선을 다해 놀아주던 아빠#유퀴즈온더블럭 | YOU QUIZ ON THE BLOCK EP.344,@캔디라떼-f3s,눈물나요...선한사람이 잘 되는 세상이 되어야 할텐데...,5,2026-05-19T01:08:52Z,중립,0.8666
3V8SLEXp5Eg,형편이 어려워 장난감 대신 몸으로 최선을 다해 놀아주던 아빠#유퀴즈온더블럭 | YOU QUIZ ON THE BLOCK EP.344,@jeh00001,조연분들중에 좋으신분들이 악역 많으신듯;;;  더글로리서 돈뜯는 이모님 남편도.. 역활맡고 힘드셨다든디;;,0,2026-05-19T01:08:31Z,중립,0.0956
3V8SLEXp5Eg,형편이 어려워 장난감 대신 몸으로 최선을 다해 놀아주던 아빠#유퀴즈온더블럭 | YOU QUIZ ON THE BLOCK EP.344,@나무들mo,상받으신거 정말 축하드립니다 행복하세요❤,7,2026-05-19T01:08:19Z,중립,0.631
3V8SLEXp5Eg,형편이 어려워 장난감 대신 몸으로 최선을 다해 놀아주던 아빠#유퀴즈온더블럭 | YOU QUIZ ON THE BLOCK EP.344,@great-w1i,"장난감 없어서 몸으로 놀아준 아빠라면 좋은 아빠죠
자기 자식 장난감 하나 사줄 돈도 없을 만큼 돈도 못 벌면서 가장 이라며 권력만 행사하며  아무것도 안하는 애비ㅆㄲ들이 훨씬 더 많죠 

장난감 없어도 몸으로 놀아 준 아빠에게 감사 할 줄 아는 딸들도 착하네요 좋은 부모 에게서  좋은 자식이 나오죠",0,2026-05-19T00:58:01Z,중립,0.6655
3V8SLEXp5Eg,형편이 어려워 장난감 대신 몸으로 최선을 다해 놀아주던 아빠#유퀴즈온더블럭 | YOU QUIZ ON THE BLOCK EP.344,@베리-p1t,"너무 멋지시잖아
응원 합니다",5,2026-05-19T00:52:11Z,중립,0.2522
3V8SLEXp5Eg,형편이 어려워 장난감 대신 몸으로 최선을 다해 놀아주던 아빠#유퀴즈온더블럭 | YOU QUIZ ON THE BLOCK EP.344,@장가로등,"성공해야할 연기잘하시는 조연분 많아요~
연기보단 인기로 리치된 연기자보면 기운빠질듯",0,2026-05-19T00:41:34Z,중립,0.1657
3V8SLEXp5Eg,형편이 어려워 장난감 대신 몸으로 최선을 다해 놀아주던 아빠#유퀴즈온더블럭 | YOU QUIZ ON THE BLOCK EP.344,@Beckyreyssilva,하나님 감사합니다 이가족분들 다 축복해주세요,0,2026-05-19T00:24:49Z,중립,0.8185
3V8SLEXp5Eg,형편이 어려워 장난감 대신 몸으로 최선을 다해 놀아주던 아빠#유퀴즈온더블럭 | YOU QUIZ ON THE BLOCK EP.344,@hansbands,감동입니다,4,2026-05-19T00:12:47Z,중립,0.4071
3V8SLEXp5Eg,형편이 어려워 장난감 대신 몸으로 최선을 다해 놀아주던 아빠#유퀴즈온더블럭 | YOU QUIZ ON THE BLOCK EP.344,@박현철-f8w,결혼하면 아빠처럼 놀아줄거야 이 말이 눈시울 만들어지네요~유승목배우님 화이팅,0,2026-05-18T23:52:32Z,중립,0.3758
3V8SLEXp5Eg,형편이 어려워 장난감 대신 몸으로 최선을 다해 놀아주던 아빠#유퀴즈온더블럭 | YOU QUIZ ON THE BLOCK EP.344,@Sungwook_SaniyeChoi-xb1dn,스타가 아니라 진짜 생활연기하는 분들의 처우가 나아지길..   존중하고 버티면서 끝까지한다면 인정받는 시간이 온다는걸 보여주는 분들~,0,2026-05-18T23:42:03Z,중립,0.098
3V8SLEXp5Eg,형편이 어려워 장난감 대신 몸으로 최선을 다해 놀아주던 아빠#유퀴즈온더블럭 | YOU QUIZ ON THE BLOCK EP.344,@lwixgg,에휴 ㅜㅜㅜㅜㅜㅜㅜ,0,2026-05-18T23:22:57Z,중립,0.0919
3V8SLEXp5Eg,형편이 어려워 장난감 대신 몸으로 최선을 다해 놀아주던 아빠#유퀴즈온더블럭 | YOU QUIZ ON THE BLOCK EP.344,@Mt-soon,와🎉정말 좋은 아빠 셨네요👍👍딸들이 저렇게 얘기하니.. 정말 인생 잘 사신분이시라는게 느껴져요.. 응원합니다❤,11,2026-05-18T23:16:39Z,중립,0.2047
3V8SLEXp5Eg,형편이 어려워 장난감 대신 몸으로 최선을 다해 놀아주던 아빠#유퀴즈온더블럭 | YOU QUIZ ON THE BLOCK EP.344,@daehwankim4674,"가족의 의미를 느껴봅니다.. 

수상 축하드려요",7,2026-05-18T22:57:41Z,중립,0.6527
3V8SLEXp5Eg,형편이 어려워 장난감 대신 몸으로 최선을 다해 놀아주던 아빠#유퀴즈온더블럭 | YOU QUIZ ON THE BLOCK EP.344,@정영숙-f1j,"참으로
따뜻한  가족이네요",3,2026-05-18T22:56:45Z,중립,0.528
3V8SLEXp5Eg,형편이 어려워 장난감 대신 몸으로 최선을 다해 놀아주던 아빠#유퀴즈온더블럭 | YOU QUIZ ON THE BLOCK EP.344,@loadedeggtoast,각자이의삶이 모두 영화같은 이유입니다. 단 하루도 열심히 안 살면 안됩니다.,0,2026-05-18T22:23:40Z,중립,0.5134
3V8SLEXp5Eg,형편이 어려워 장난감 대신 몸으로 최선을 다해 놀아주던 아빠#유퀴즈온더블럭 | YOU QUIZ ON THE BLOCK EP.344,@user-up6zp5ec19,... ㅠㅠ 이런.. 자꾸 무빙만 생각나고 상무님은 무빙의 교장선생님 같고... 연기를 어떻게... 잘할까요... 다음 작품 기대됩니다~. 그리고 가족분들 대단하십니다!!!! ㅠㅠ,0,2026-05-18T22:10:55Z,중립,0.4515
3V8SLEXp5Eg,형편이 어려워 장난감 대신 몸으로 최선을 다해 놀아주던 아빠#유퀴즈온더블럭 | YOU QUIZ ON THE BLOCK EP.344,@낭만지구-r3k,참 멋진 분입니다...❤❤❤,6,2026-05-18T22:07:28Z,중립,0.7639
3V8SLEXp5Eg,형편이 어려워 장난감 대신 몸으로 최선을 다해 놀아주던 아빠#유퀴즈온더블럭 | YOU QUIZ ON THE BLOCK EP.344,@란-n2u,아름다운 가족 🎉🎉🎉🎉🎉🎉,4,2026-05-18T22:03:37Z,중립,0.1745
3V8SLEXp5Eg,형편이 어려워 장난감 대신 몸으로 최선을 다해 놀아주던 아빠#유퀴즈온더블럭 | YOU QUIZ ON THE BLOCK EP.344,@user-tv2ql5kh1n,진짜 잘되시길 바란 배우님인데 수상당시에 울었습니다 이제 꽃길만 걸으세요!!!! 화이팅!!!응원합니다!!!!,5,2026-05-18T22:01:42Z,중립,0.389
3V8SLEXp5Eg,형편이 어려워 장난감 대신 몸으로 최선을 다해 놀아주던 아빠#유퀴즈온더블럭 | YOU QUIZ ON THE BLOCK EP.344,@alpinea3107,좋은 아빠❤,6,2026-05-18T21:40:50Z,중립,0.4526
3V8SLEXp5Eg,형편이 어려워 장난감 대신 몸으로 최선을 다해 놀아주던 아빠#유퀴즈온더블럭 | YOU QUIZ ON THE BLOCK EP.344,@GoodRV,"아…참 뭉클하면서 따뜻합니다.
딸 둘의 아빠. 다정함이 말투에 몸에 묻어 있네요. 앞으로 자두 뵐 수 있기를. 응원합니다",0,2026-05-18T21:26:50Z,중립,0.2454
3V8SLEXp5Eg,형편이 어려워 장난감 대신 몸으로 최선을 다해 놀아주던 아빠#유퀴즈온더블럭 | YOU QUIZ ON THE BLOCK EP.344,@해월마녀타로,찐 으른 찐 사랑 인데요❤,1,2026-05-18T21:16:47Z,중립,0.2914
3V8SLEXp5Eg,형편이 어려워 장난감 대신 몸으로 최선을 다해 놀아주던 아빠#유퀴즈온더블럭 | YOU QUIZ ON THE BLOCK EP.344,@전설-i6i,"축하드립니다. 
대기만성이란 말이 승목님께
맞는말인듯 싶네요. 늦은감이 
있지만 괜찮습니다.
건강 챙기시고 늘 멋진 연기 
보여 주세요. 응원합니다.",4,2026-05-18T20:31:31Z,중립,0.1865
3V8SLEXp5Eg,형편이 어려워 장난감 대신 몸으로 최선을 다해 놀아주던 아빠#유퀴즈온더블럭 | YOU QUIZ ON THE BLOCK EP.344,@척준경-k7i,너무 부럽다 이런 아버지 한테서 자랐다는것이   정말 엄청난 행운이다 라는것을 아이들이 알거라 믿는다,4,2026-05-18T18:52:36Z,중립,0.7276
3V8SLEXp5Eg,형편이 어려워 장난감 대신 몸으로 최선을 다해 놀아주던 아빠#유퀴즈온더블럭 | YOU QUIZ ON THE BLOCK EP.344,@you진주_08,최고의복 부모복❤,3,2026-05-18T18:51:11Z,중립,0.746
3V8SLEXp5Eg,형편이 어려워 장난감 대신 몸으로 최선을 다해 놀아주던 아빠#유퀴즈온더블럭 | YOU QUIZ ON THE BLOCK EP.344,@user-eb3ne7id4o,강인한 사람 무명으로 가정을 꾸리며 몇십년 동안 버틴다는게 얼마나 대단한 겁니까 딸들이 자랑스러울 거 같아요.멋진아빠,4,2026-05-18T18:38:16Z,중립,0.2458
3V8SLEXp5Eg,형편이 어려워 장난감 대신 몸으로 최선을 다해 놀아주던 아빠#유퀴즈온더블럭 | YOU QUIZ ON THE BLOCK EP.344,@Luke-z5d6q,최고의 아빠네요 비싼 장난감 그거 지나면 다 잊혀집니다 추억은 가슴에 남죠,96,2026-05-18T18:15:33Z,중립,0.1807
3V8SLEXp5Eg,형편이 어려워 장난감 대신 몸으로 최선을 다해 놀아주던 아빠#유퀴즈온더블럭 | YOU QUIZ ON THE BLOCK EP.344,@Haru-ss3vf,저희아빠도 잘놀아주셨는데..생각해보니 경제적으로 넉넉하지않았지만 얼마나 잘놀아주고싶은 아빠마음이었을지 영상을 보니 지금에서야 알겠네요😢,0,2026-05-18T17:49:52Z,중립,0.2042
3V8SLEXp5Eg,형편이 어려워 장난감 대신 몸으로 최선을 다해 놀아주던 아빠#유퀴즈온더블럭 | YOU QUIZ ON THE BLOCK EP.344,@kyungkim3041,끝내 잘되는 사람은.... 선한 사람!,64,2026-05-18T17:39:34Z,중립,0.3096
3V8SLEXp5Eg,형편이 어려워 장난감 대신 몸으로 최선을 다해 놀아주던 아빠#유퀴즈온더블럭 | YOU QUIZ ON THE BLOCK EP.344,@또치-k3v,조으신분...아빠..어떤말이 필요 없으신분...감사합니다.축하합니다...🎉,0,2026-05-18T17:31:25Z,중립,0.6618
3V8SLEXp5Eg,형편이 어려워 장난감 대신 몸으로 최선을 다해 놀아주던 아빠#유퀴즈온더블럭 | YOU QUIZ ON THE BLOCK EP.344,@coldplay3075,축하드려요...앞으로 꽃길만~~~~,4,2026-05-18T17:28:43Z,중립,0.3372
3V8SLEXp5Eg,형편이 어려워 장난감 대신 몸으로 최선을 다해 놀아주던 아빠#유퀴즈온더블럭 | YOU QUIZ ON THE BLOCK EP.344,@유재현-r7n,구질구질하다 ㅉㅉㅉ,0,2026-05-18T16:48:02Z,중립,0.0914
3V8SLEXp5Eg,형편이 어려워 장난감 대신 몸으로 최선을 다해 놀아주던 아빠#유퀴즈온더블럭 | YOU QUIZ ON THE BLOCK EP.344,@혜경최-p1l,잘 되셔서 우리 마음도 좋아요~자주 많이 뵈어요,5,2026-05-18T15:54:03Z,중립,0.7027
3V8SLEXp5Eg,형편이 어려워 장난감 대신 몸으로 최선을 다해 놀아주던 아빠#유퀴즈온더블럭 | YOU QUIZ ON THE BLOCK EP.344,@룰루랄라-l8e3t,같이 놀아주는 아빠가 최고지,2,2026-05-18T15:52:36Z,중립,0.3482
3V8SLEXp5Eg,형편이 어려워 장난감 대신 몸으로 최선을 다해 놀아주던 아빠#유퀴즈온더블럭 | YOU QUIZ ON THE BLOCK EP.344,@greenda77,정서적금수저시네요~ 따님들 부러워요~,11,2026-05-18T15:24:09Z,중립,0.3094
3V8SLEXp5Eg,형편이 어려워 장난감 대신 몸으로 최선을 다해 놀아주던 아빠#유퀴즈온더블럭 | YOU QUIZ ON THE BLOCK EP.344,@mdndkflrpckc,최고의 아빠이자 배우,1,2026-05-18T14:18:59Z,중립,0.2217
3V8SLEXp5Eg,형편이 어려워 장난감 대신 몸으로 최선을 다해 놀아주던 아빠#유퀴즈온더블럭 | YOU QUIZ ON THE BLOCK EP.344,@ouyaaing,"배역과는 어울리지 않는 다정한 남편과 두 딸의 친구같은 아빠셨네요~
연기를 워낙 잘하셔서 사람들은 배역도 그 사람의 일부일거라고 생각하는 경우가 간혹있죠.
배우님의 앞으로를 더욱더 열렬히 응원합니다...",4,2026-05-18T13:58:38Z,중립,0.19
3V8SLEXp5Eg,형편이 어려워 장난감 대신 몸으로 최선을 다해 놀아주던 아빠#유퀴즈온더블럭 | YOU QUIZ ON THE BLOCK EP.344,@이현우-b6d,와우,1,2026-05-18T13:45:26Z,중립,0.1296
3V8SLEXp5Eg,형편이 어려워 장난감 대신 몸으로 최선을 다해 놀아주던 아빠#유퀴즈온더블럭 | YOU QUIZ ON THE BLOCK EP.344,@리치지젤,광고 들어오는대로 다 찍어서 부자되세요 꼭❤,7,2026-05-18T13:45:04Z,중립,0.3054
3V8SLEXp5Eg,형편이 어려워 장난감 대신 몸으로 최선을 다해 놀아주던 아빠#유퀴즈온더블럭 | YOU QUIZ ON THE BLOCK EP.344,@리치지젤,대세는 유승목 연기의신 ❤,4,2026-05-18T13:44:39Z,중립,0.525
3V8SLEXp5Eg,형편이 어려워 장난감 대신 몸으로 최선을 다해 놀아주던 아빠#유퀴즈온더블럭 | YOU QUIZ ON THE BLOCK EP.344,@오늘더이쁜너,"광고 많이 찍어서 대박나셔요~~^^
응원합니다 ㅎㅎ",5,2026-05-18T13:29:00Z,중립,0.4395
3V8SLEXp5Eg,형편이 어려워 장난감 대신 몸으로 최선을 다해 놀아주던 아빠#유퀴즈온더블럭 | YOU QUIZ ON THE BLOCK EP.344,@illilliiiii,이런 분들이 더 더 더 잘됐음 좋겠습니다,14,2026-05-18T13:23:12Z,중립,0.0746
3V8SLEXp5Eg,형편이 어려워 장난감 대신 몸으로 최선을 다해 놀아주던 아빠#유퀴즈온더블럭 | YOU QUIZ ON THE BLOCK EP.344,@illilliiiii,장난감이 없어도 아빠가 다정하게 온마음으로 놀아주어 아이들은 더 행복했을겁니다. 장난감만 사주고 놀아주지 않는게 아이들에겐 더 슬픈일이지요.. 최고의 아빠였네요!,91,2026-05-18T13:22:03Z,중립,0.4993
3V8SLEXp5Eg,형편이 어려워 장난감 대신 몸으로 최선을 다해 놀아주던 아빠#유퀴즈온더블럭 | YOU QUIZ ON THE BLOCK EP.344,@싱클레어-l1i,난 이 배우 그냥 좋아,5,2026-05-18T13:14:28Z,중립,0.2958
3V8SLEXp5Eg,형편이 어려워 장난감 대신 몸으로 최선을 다해 놀아주던 아빠#유퀴즈온더블럭 | YOU QUIZ ON THE BLOCK EP.344,@장수말벌-v9k,"돈 없어 흉이 아닙니다
좋은 아부지
훌륭하세요😂",20,2026-05-18T12:50:35Z,중립,0.3271
3V8SLEXp5Eg,형편이 어려워 장난감 대신 몸으로 최선을 다해 놀아주던 아빠#유퀴즈온더블럭 | YOU QUIZ ON THE BLOCK EP.344,@Jys_Growth,이미 충분히 사랑과 복이 넘치는 가정이시네요 :) 응원합니다 ❤,16,2026-05-18T12:36:09Z,중립,0.2566
3V8SLEXp5Eg,형편이 어려워 장난감 대신 몸으로 최선을 다해 놀아주던 아빠#유퀴즈온더블럭 | YOU QUIZ ON THE BLOCK EP.344,@뉴에라-o1r,"아이들은 엄마 아빠의 온전한 사랑을
먹고 자라지요. 잘 키우셨네요. 멋지세요. 백상무님",5,2026-05-18T12:30:17Z,중립,0.6713
3V8SLEXp5Eg,형편이 어려워 장난감 대신 몸으로 최선을 다해 놀아주던 아빠#유퀴즈온더블럭 | YOU QUIZ ON THE BLOCK EP.344,@시니가니,빨리본방보고싶다ㅜ,2,2026-05-18T12:17:37Z,중립,0.355
3V8SLEXp5Eg,형편이 어려워 장난감 대신 몸으로 최선을 다해 놀아주던 아빠#유퀴즈온더블럭 | YOU QUIZ ON THE BLOCK EP.344,@pinkgarden-p6z,영화나 드라마를 잘 안봐서 배우님에 대해서 잘 몰랐습니다. 오늘 영상 보고 큰 감동을 받았고 존경스러운 마음이 드네요. 앞으로도  연기활동 즐겁게 하시고 지금처럼 훌륭한 아빠로 가족분들과 행복하시길 바랍니다,9,2026-05-18T12:02:15Z,중립,0.6298
3V8SLEXp5Eg,형편이 어려워 장난감 대신 몸으로 최선을 다해 놀아주던 아빠#유퀴즈온더블럭 | YOU QUIZ ON THE BLOCK EP.344,@거울공주-i1w,이분 진짜 잘되서  돈도많이버셧으면좋켓어요~~화이팅하세요,98,2026-05-18T11:48:39Z,중립,0.3257
3V8SLEXp5Eg,형편이 어려워 장난감 대신 몸으로 최선을 다해 놀아주던 아빠#유퀴즈온더블럭 | YOU QUIZ ON THE BLOCK EP.344,@율2당,오 오랸만에 보고싶은 분 나왔네,1,2026-05-18T11:37:50Z,중립,0.0977
3V8SLEXp5Eg,형편이 어려워 장난감 대신 몸으로 최선을 다해 놀아주던 아빠#유퀴즈온더블럭 | YOU QUIZ ON THE BLOCK EP.344,@보노보노-y7t8r,둘째딸이 학교 후배로 들어왔었는데 면접보는날 같이 오셔서 되게 착잡한표정으로..?기다리시는거 뵀었는데 부담스러우실까봐 인사는 못드렸지만 드라마볼때 연기 너무 잘하셔서 기억하고있었어요 ㅇㅎㅎ!!너무 축하드려요😊😊🎉🎉,40,2026-05-18T11:35:15Z,중립,0.2191
3V8SLEXp5Eg,형편이 어려워 장난감 대신 몸으로 최선을 다해 놀아주던 아빠#유퀴즈온더블럭 | YOU QUIZ ON THE BLOCK EP.344,@지니초이-d1g,"사랑이 가득한 가정을 만드신게 보여요

아이들보니
더더욱

더욱 대성하는 배우 되십시요",21,2026-05-18T11:29:21Z,중립,0.4105
3V8SLEXp5Eg,형편이 어려워 장난감 대신 몸으로 최선을 다해 놀아주던 아빠#유퀴즈온더블럭 | YOU QUIZ ON THE BLOCK EP.344,@까자-n8x,좋은 남편 좋은 아빠...좋은 배우,135,2026-05-18T10:52:46Z,중립,0.3298
3V8SLEXp5Eg,형편이 어려워 장난감 대신 몸으로 최선을 다해 놀아주던 아빠#유퀴즈온더블럭 | YOU QUIZ ON THE BLOCK EP.344,@신선자-p3d,"따님들도 얼마나 사랑했을거야..
안봐도. 알겠다..
존경합니다",101,2026-05-18T10:50:39Z,중립,0.3001
3V8SLEXp5Eg,형편이 어려워 장난감 대신 몸으로 최선을 다해 놀아주던 아빠#유퀴즈온더블럭 | YOU QUIZ ON THE BLOCK EP.344,@tube-xy7eq,요새 유승목 울리기 릴레이 같음 ㅋㅋㅋ,29,2026-05-18T10:46:29Z,중립,0.4187
3V8SLEXp5Eg,형편이 어려워 장난감 대신 몸으로 최선을 다해 놀아주던 아빠#유퀴즈온더블럭 | YOU QUIZ ON THE BLOCK EP.344,@피바람주먹손,줘도 줘도 못 해준것만 생각 나는게 부모맘 이라더니 ㅠㅠ,5,2026-05-18T10:32:18Z,중립,0.0871
3V8SLEXp5Eg,형편이 어려워 장난감 대신 몸으로 최선을 다해 놀아주던 아빠#유퀴즈온더블럭 | YOU QUIZ ON THE BLOCK EP.344,@바람김-r5k,아빠의 따뜻함 맘이 ~,15,2026-05-18T10:29:23Z,중립,0.3803
3V8SLEXp5Eg,형편이 어려워 장난감 대신 몸으로 최선을 다해 놀아주던 아빠#유퀴즈온더블럭 | YOU QUIZ ON THE BLOCK EP.344,@fhg-f8j-k8e,눈물난다.,11,2026-05-18T10:08:21Z,중립,0.9006
3V8SLEXp5Eg,형편이 어려워 장난감 대신 몸으로 최선을 다해 놀아주던 아빠#유퀴즈온더블럭 | YOU QUIZ ON THE BLOCK EP.344,@슈퍼맨앤우먼,나 왜 눈물나오지..,12,2026-05-18T09:48:41Z,중립,0.8987
3V8SLEXp5Eg,형편이 어려워 장난감 대신 몸으로 최선을 다해 놀아주던 아빠#유퀴즈온더블럭 | YOU QUIZ ON THE BLOCK EP.344,@Youngsooookncat,내가더기분좋은수상자예요,7,2026-05-18T09:22:17Z,중립,0.2457
3V8SLEXp5Eg,형편이 어려워 장난감 대신 몸으로 최선을 다해 놀아주던 아빠#유퀴즈온더블럭 | YOU QUIZ ON THE BLOCK EP.344,@랄루루_S2,수상축하드려요❤ 그리고 따님분들이 너무 부럽네요❤ 이렇게 좋은 아버지가 계셔서,87,2026-05-18T08:57:30Z,중립,0.6033
3V8SLEXp5Eg,형편이 어려워 장난감 대신 몸으로 최선을 다해 놀아주던 아빠#유퀴즈온더블럭 | YOU QUIZ ON THE BLOCK EP.344,@JJ0901,"그 무엇보다 값비싼 사랑과 경험을 주셨네
이게 찐 금수저예요 
비싼 장난감 다 사줘도 부모와의 교감이 빠진다면 아무런 의미가 없거든요. 정말 좋은 부모신 거예요.",349,2026-05-18T08:56:20Z,중립,0.6809
3V8SLEXp5Eg,형편이 어려워 장난감 대신 몸으로 최선을 다해 놀아주던 아빠#유퀴즈온더블럭 | YOU QUIZ ON THE BLOCK EP.344,@shy1445,성격도 엄청 차분하시고 점잖으신 거 같아요 수상 진심으로 축하드립니다,115,2026-05-18T08:33:34Z,중립,0.541
3V8SLEXp5Eg,형편이 어려워 장난감 대신 몸으로 최선을 다해 놀아주던 아빠#유퀴즈온더블럭 | YOU QUIZ ON THE BLOCK EP.344,@민트-h6m,이분 드라마 더글로리에서 나쁜 교장역으로 나오신 그분 맞아요?,2,2026-05-18T07:33:08Z,중립,0.1581
3V8SLEXp5Eg,형편이 어려워 장난감 대신 몸으로 최선을 다해 놀아주던 아빠#유퀴즈온더블럭 | YOU QUIZ ON THE BLOCK EP.344,@이지연-f5i2j,이런분이 수상을 하시면 시청자는 기분이  너무 좋죠~  진심으로 축하드려요,308,2026-05-18T07:20:51Z,중립,0.4229
3V8SLEXp5Eg,형편이 어려워 장난감 대신 몸으로 최선을 다해 놀아주던 아빠#유퀴즈온더블럭 | YOU QUIZ ON THE BLOCK EP.344,@wuj4750,최고의 아빠,21,2026-05-18T07:20:05Z,중립,0.265
3V8SLEXp5Eg,형편이 어려워 장난감 대신 몸으로 최선을 다해 놀아주던 아빠#유퀴즈온더블럭 | YOU QUIZ ON THE BLOCK EP.344,@성민규-x2y,놀면뭐하니에서 백부장님 모시고 놀면상사 한번 했음좋겠어요ㅎ,15,2026-05-18T07:16:13Z,중립,0.3119
3V8SLEXp5Eg,형편이 어려워 장난감 대신 몸으로 최선을 다해 놀아주던 아빠#유퀴즈온더블럭 | YOU QUIZ ON THE BLOCK EP.344,@user-lm3nn9rf3f,누구보다도 연기는 명품,17,2026-05-18T07:12:49Z,중립,0.7948
3V8SLEXp5Eg,형편이 어려워 장난감 대신 몸으로 최선을 다해 놀아주던 아빠#유퀴즈온더블럭 | YOU QUIZ ON THE BLOCK EP.344,@목고버섯,연기오래하고잘하는분인데 30몇년만에 첨 상받앗다는게 놀랍네. 앞으로 잘되면좋겟네. 화이팅입니다,110,2026-05-18T07:08:23Z,중립,0.5305
3V8SLEXp5Eg,형편이 어려워 장난감 대신 몸으로 최선을 다해 놀아주던 아빠#유퀴즈온더블럭 | YOU QUIZ ON THE BLOCK EP.344,@77succeed,"축하드립니다~
앞으로 승승장구 하세요~^^",16,2026-05-18T07:04:28Z,중립,0.4137
3V8SLEXp5Eg,형편이 어려워 장난감 대신 몸으로 최선을 다해 놀아주던 아빠#유퀴즈온더블럭 | YOU QUIZ ON THE BLOCK EP.344,@지니-o4m4v,좋은 아빠시구나 진짜 으른,339,2026-05-18T06:18:55Z,중립,0.1098
3V8SLEXp5Eg,형편이 어려워 장난감 대신 몸으로 최선을 다해 놀아주던 아빠#유퀴즈온더블럭 | YOU QUIZ ON THE BLOCK EP.344,@underground84100,기사로 확인했습니다 수상축하드려요😊,41,2026-05-18T05:56:11Z,중립,0.4984
3V8SLEXp5Eg,형편이 어려워 장난감 대신 몸으로 최선을 다해 놀아주던 아빠#유퀴즈온더블럭 | YOU QUIZ ON THE BLOCK EP.344,@paulha-y1f,수상소감에서 진심을 봤습니다. 꼭 대성하시길 바래요! 늘 응원합니다 ❤,79,2026-05-18T05:42:22Z,중립,0.3447
3V8SLEXp5Eg,형편이 어려워 장난감 대신 몸으로 최선을 다해 놀아주던 아빠#유퀴즈온더블럭 | YOU QUIZ ON THE BLOCK EP.344,@황화숙-o8v,축하드립니다^^  응원합니다~  (고진감래),29,2026-05-18T05:11:37Z,중립,0.1685
zZRob9MQbFY,7년의 연습생 생활을 끝내고 방에만 누워있던 승연을 일으킨 엄마의 한마디#유퀴즈온더블럭 | YOU QUIZ ON THE BLOCK EP.344,@seungwonoh9870,그만둘수 없는  미모지 ㅋ저얼굴로  어떻게  평범하게  사니,0,2026-05-19T02:41:51Z,중립,0.219
zZRob9MQbFY,7년의 연습생 생활을 끝내고 방에만 누워있던 승연을 일으킨 엄마의 한마디#유퀴즈온더블럭 | YOU QUIZ ON THE BLOCK EP.344,@ashleyyiroom8776,저런 외모에 데뷔를 못했다니...진짜 실력안됨 데뷔 안되나봄😂,0,2026-05-19T02:14:13Z,중립,0.1338
zZRob9MQbFY,7년의 연습생 생활을 끝내고 방에만 누워있던 승연을 일으킨 엄마의 한마디#유퀴즈온더블럭 | YOU QUIZ ON THE BLOCK EP.344,@user-jw9oj6rw8c,확신의 배우상,6,2026-05-18T23:38:22Z,중립,0.6736
zZRob9MQbFY,7년의 연습생 생활을 끝내고 방에만 누워있던 승연을 일으킨 엄마의 한마디#유퀴즈온더블럭 | YOU QUIZ ON THE BLOCK EP.344,@Aptttttaa,말투 너무 고상하다 ㅎㅎㅎㅎ 역시 대비 마마 스타일이네,5,2026-05-18T23:26:48Z,중립,0.1325
zZRob9MQbFY,7년의 연습생 생활을 끝내고 방에만 누워있던 승연을 일으킨 엄마의 한마디#유퀴즈온더블럭 | YOU QUIZ ON THE BLOCK EP.344,@일본은가까워,"춤 노래 다 안된다 했으나...이쁘잖아, 결국 이뻐",2,2026-05-18T22:40:25Z,중립,0.2716
zZRob9MQbFY,7년의 연습생 생활을 끝내고 방에만 누워있던 승연을 일으킨 엄마의 한마디#유퀴즈온더블럭 | YOU QUIZ ON THE BLOCK EP.344,@도레미-j3r,sm에서의 7년간의 연습생 생활보단 그저 슬기(레드벨벳)랑 노는게 너무 즐거웠다던 승연씨 늘 화이팅!!❤,2,2026-05-18T17:00:25Z,중립,0.3509
zZRob9MQbFY,7년의 연습생 생활을 끝내고 방에만 누워있던 승연을 일으킨 엄마의 한마디#유퀴즈온더블럭 | YOU QUIZ ON THE BLOCK EP.344,@dyjeo6663,"여행을 대신해 드립니다
너무 좋았어요~ 시즌2 나오면 좋겠는데 ㅎ",2,2026-05-18T16:29:11Z,중립,0.3582
zZRob9MQbFY,7년의 연습생 생활을 끝내고 방에만 누워있던 승연을 일으킨 엄마의 한마디#유퀴즈온더블럭 | YOU QUIZ ON THE BLOCK EP.344,@임희주-p3r,저 목소리는 mc나 디제이 해도 되겠다,2,2026-05-18T15:32:43Z,중립,0.47
zZRob9MQbFY,7년의 연습생 생활을 끝내고 방에만 누워있던 승연을 일으킨 엄마의 한마디#유퀴즈온더블럭 | YOU QUIZ ON THE BLOCK EP.344,@Krormswldndx,"어릴때 진짜 이뻣는데
세월이 지낫구만",3,2026-05-18T15:31:21Z,중립,0.1093
zZRob9MQbFY,7년의 연습생 생활을 끝내고 방에만 누워있던 승연을 일으킨 엄마의 한마디#유퀴즈온더블럭 | YOU QUIZ ON THE BLOCK EP.344,@soonh8200,졸라 예쁘다,7,2026-05-18T15:10:36Z,중립,0.305
zZRob9MQbFY,7년의 연습생 생활을 끝내고 방에만 누워있던 승연을 일으킨 엄마의 한마디#유퀴즈온더블럭 | YOU QUIZ ON THE BLOCK EP.344,@RECONNAISSANCE-scout,공승연 ❤,4,2026-05-18T14:54:49Z,중립,0.3659
zZRob9MQbFY,7년의 연습생 생활을 끝내고 방에만 누워있던 승연을 일으킨 엄마의 한마디#유퀴즈온더블럭 | YOU QUIZ ON THE BLOCK EP.344,@goodbye10,어린데도 고상하고 우아한 너낌,31,2026-05-18T14:49:12Z,중립,0.0912
zZRob9MQbFY,7년의 연습생 생활을 끝내고 방에만 누워있던 승연을 일으킨 엄마의 한마디#유퀴즈온더블럭 | YOU QUIZ ON THE BLOCK EP.344,@김패파,???:난 시체도 세워,0,2026-05-18T13:46:58Z,중립,0.1615
zZRob9MQbFY,7년의 연습생 생활을 끝내고 방에만 누워있던 승연을 일으킨 엄마의 한마디#유퀴즈온더블럭 | YOU QUIZ ON THE BLOCK EP.344,@sorezore2462,애 태도가 뭐야. 대배우인데,2,2026-05-18T12:49:57Z,중립,0.1561
zZRob9MQbFY,7년의 연습생 생활을 끝내고 방에만 누워있던 승연을 일으킨 엄마의 한마디#유퀴즈온더블럭 | YOU QUIZ ON THE BLOCK EP.344,@이정연-e7l,연기를잘하잖아 괜찮아,20,2026-05-18T12:15:45Z,중립,0.1784
zZRob9MQbFY,7년의 연습생 생활을 끝내고 방에만 누워있던 승연을 일으킨 엄마의 한마디#유퀴즈온더블럭 | YOU QUIZ ON THE BLOCK EP.344,@모아나aa,배우상,10,2026-05-18T12:13:39Z,중립,0.2294
zZRob9MQbFY,7년의 연습생 생활을 끝내고 방에만 누워있던 승연을 일으킨 엄마의 한마디#유퀴즈온더블럭 | YOU QUIZ ON THE BLOCK EP.344,@침츄니,이 아가씨 호감이여~흥하길,20,2026-05-18T10:59:58Z,중립,0.3349
zZRob9MQbFY,7년의 연습생 생활을 끝내고 방에만 누워있던 승연을 일으킨 엄마의 한마디#유퀴즈온더블럭 | YOU QUIZ ON THE BLOCK EP.344,@ok_sunbi,예전 영상들 보면 그렇게 못하지도 않음,19,2026-05-18T09:36:42Z,중립,0.3077
zZRob9MQbFY,7년의 연습생 생활을 끝내고 방에만 누워있던 승연을 일으킨 엄마의 한마디#유퀴즈온더블럭 | YOU QUIZ ON THE BLOCK EP.344,@우키랑,겸손해… 그리고 아이돌상 아니고 확신의 배우상…,135,2026-05-18T08:02:12Z,중립,0.4007
zZRob9MQbFY,7년의 연습생 생활을 끝내고 방에만 누워있던 승연을 일으킨 엄마의 한마디#유퀴즈온더블럭 | YOU QUIZ ON THE BLOCK EP.344,@KoreaTopRich_Buy_BE_ALMU_INV,저분 누군가요?,0,2026-05-18T06:15:28Z,중립,0.2322
zZRob9MQbFY,7년의 연습생 생활을 끝내고 방에만 누워있던 승연을 일으킨 엄마의 한마디#유퀴즈온더블럭 | YOU QUIZ ON THE BLOCK EP.344,@the8tontruck,진짜 이목구비 시원시원하다,83,2026-05-18T04:56:48Z,중립,0.2313
zZRob9MQbFY,7년의 연습생 생활을 끝내고 방에만 누워있던 승연을 일으킨 엄마의 한마디#유퀴즈온더블럭 | YOU QUIZ ON THE BLOCK EP.344,@랍비-z6v,배우 광고모델상이야,41,2026-05-18T03:28:40Z,중립,0.3514
Qqc156oUoIg,[예고] 백상 조연상! 명품 배우 유승목🏆 감격의 수상 순간 비하인드와 아내와의 사랑의 도피 썰!🏃‍♀️#유퀴즈온더블럭 | YOU QUIZ ON THE BLOCK EP.344,@Surfer_9,이 형님이 맡은 배역은 0.1초도 몰입이 안된적이 없음,0,2026-05-19T03:34:55Z,중립,0.3784
Qqc156oUoIg,[예고] 백상 조연상! 명품 배우 유승목🏆 감격의 수상 순간 비하인드와 아내와의 사랑의 도피 썰!🏃‍♀️#유퀴즈온더블럭 | YOU QUIZ ON THE BLOCK EP.344,@chungtaejin,조시팔씨 축하요,0,2026-05-19T03:24:51Z,중립,0.3897
Qqc156oUoIg,[예고] 백상 조연상! 명품 배우 유승목🏆 감격의 수상 순간 비하인드와 아내와의 사랑의 도피 썰!🏃‍♀️#유퀴즈온더블럭 | YOU QUIZ ON THE BLOCK EP.344,@뭘로하지-f6p,진정성있는 모습 정말 멋있어요. 화이팅,0,2026-05-19T03:17:09Z,중립,0.3592
Qqc156oUoIg,[예고] 백상 조연상! 명품 배우 유승목🏆 감격의 수상 순간 비하인드와 아내와의 사랑의 도피 썰!🏃‍♀️#유퀴즈온더블럭 | YOU QUIZ ON THE BLOCK EP.344,@ShdjdjDbsjjs,"김부장에서는 류승룡 애착인형이었는데
무빙에서는 류승룡한테 맞아죽었지",0,2026-05-19T03:10:21Z,중립,0.2591
Qqc156oUoIg,[예고] 백상 조연상! 명품 배우 유승목🏆 감격의 수상 순간 비하인드와 아내와의 사랑의 도피 썰!🏃‍♀️#유퀴즈온더블럭 | YOU QUIZ ON THE BLOCK EP.344,@나대기-c8e,전설의 시작,0,2026-05-19T03:05:16Z,중립,0.1376
Qqc156oUoIg,[예고] 백상 조연상! 명품 배우 유승목🏆 감격의 수상 순간 비하인드와 아내와의 사랑의 도피 썰!🏃‍♀️#유퀴즈온더블럭 | YOU QUIZ ON THE BLOCK EP.344,@아숨차-l8r,"유승목 씨 처럼 오랜시간 무명으로 열심히 자신의 역할을 해 오셨던 분들이 상 을 받으면 
자신의 위치에서 묵묵히 일하는 모든 서민들이 함께 상을 받은것 같은 기분이 들어 
큰 위로를 받는다.",0,2026-05-19T02:52:42Z,중립,0.2399
Qqc156oUoIg,[예고] 백상 조연상! 명품 배우 유승목🏆 감격의 수상 순간 비하인드와 아내와의 사랑의 도피 썰!🏃‍♀️#유퀴즈온더블럭 | YOU QUIZ ON THE BLOCK EP.344,@jji01,"요만큼만봐도 눈물줄줄
좋은사람인게 느껴져요ㅠㅠ
행복하세요 늘 응원할게요❤",0,2026-05-19T02:37:55Z,중립,0.645
Qqc156oUoIg,[예고] 백상 조연상! 명품 배우 유승목🏆 감격의 수상 순간 비하인드와 아내와의 사랑의 도피 썰!🏃‍♀️#유퀴즈온더블럭 | YOU QUIZ ON THE BLOCK EP.344,@Pink_GGuRi,"진짜 오랜 무명 끝에 기나긴36년을 버틴 유승목 배우님 너무 멋지시고 축하드립니다.🎉🎉

앞으로 더더욱 승승장구하시고 대박나세요❤❤",0,2026-05-19T02:22:28Z,중립,0.3197
Qqc156oUoIg,[예고] 백상 조연상! 명품 배우 유승목🏆 감격의 수상 순간 비하인드와 아내와의 사랑의 도피 썰!🏃‍♀️#유퀴즈온더블럭 | YOU QUIZ ON THE BLOCK EP.344,@얼그레이크림-d6j,^^예전부터 연기하는 모습 보면서 솔직히 이름을 알고 본적은 한번도 없는거같아요!그래도 볼때마다 목소리 좋으시다 ㅡ!발음 정확하시다!연기 잘하신다하고 봤는데 이번 김부장에서 확실히 더 각인이 됐어요!정말 정말 백상축하드려요!톱스타분들도 열심히 하셔서 그자리까지 가셨겠지만 이렇게 어려운 여건속에서도 포기하지않고 열심히 하시는 배우분들 화이팅입니다!이제 유승목배우님 이름 꼭 기억할께요^^,0,2026-05-19T02:17:10Z,중립,0.4781
Qqc156oUoIg,[예고] 백상 조연상! 명품 배우 유승목🏆 감격의 수상 순간 비하인드와 아내와의 사랑의 도피 썰!🏃‍♀️#유퀴즈온더블럭 | YOU QUIZ ON THE BLOCK EP.344,@홍혜정-w7j,이 분  아무리 작은 역이라도 연기 최선을 다해 하시는거 같아 감동입니다,0,2026-05-19T02:08:10Z,중립,0.5837
Qqc156oUoIg,[예고] 백상 조연상! 명품 배우 유승목🏆 감격의 수상 순간 비하인드와 아내와의 사랑의 도피 썰!🏃‍♀️#유퀴즈온더블럭 | YOU QUIZ ON THE BLOCK EP.344,@데헷-02,이분 수상소감 개멋지심❤,1,2026-05-19T02:00:35Z,중립,0.4629
Qqc156oUoIg,[예고] 백상 조연상! 명품 배우 유승목🏆 감격의 수상 순간 비하인드와 아내와의 사랑의 도피 썰!🏃‍♀️#유퀴즈온더블럭 | YOU QUIZ ON THE BLOCK EP.344,@무-r9u,노력하신거에 비하여 너무 늦은 수상 소식이지만 지금부터 시작입니다  배우님~ 응원할께요  멋진 배우이십니다~,0,2026-05-19T02:00:33Z,중립,0.2612
Qqc156oUoIg,[예고] 백상 조연상! 명품 배우 유승목🏆 감격의 수상 순간 비하인드와 아내와의 사랑의 도피 썰!🏃‍♀️#유퀴즈온더블럭 | YOU QUIZ ON THE BLOCK EP.344,@마봉구,"특유의 연기력, 바람새는 소리랑 말투가 독특해서 기억에 남는 배우님",0,2026-05-19T01:56:35Z,중립,0.2238
Qqc156oUoIg,[예고] 백상 조연상! 명품 배우 유승목🏆 감격의 수상 순간 비하인드와 아내와의 사랑의 도피 썰!🏃‍♀️#유퀴즈온더블럭 | YOU QUIZ ON THE BLOCK EP.344,@왕지윤-t4b,대한민국은 연기르 상을 안주고 이름값에. 상을 주는 저급한 나라.   유상목 님. 진심 축하 드립니다 🎉,0,2026-05-19T01:46:16Z,중립,0.2845
Qqc156oUoIg,[예고] 백상 조연상! 명품 배우 유승목🏆 감격의 수상 순간 비하인드와 아내와의 사랑의 도피 썰!🏃‍♀️#유퀴즈온더블럭 | YOU QUIZ ON THE BLOCK EP.344,@rapha-p2e,"유승목 배우님 넘나 추카드려요~
그른데... 허수아비에서... 도대체 아들들이 넘 나이가 많....
몇 살에 애를 낳으신거에욧!!! ㅋㅋㅋㅋ",0,2026-05-19T01:40:04Z,중립,0.1204
Qqc156oUoIg,[예고] 백상 조연상! 명품 배우 유승목🏆 감격의 수상 순간 비하인드와 아내와의 사랑의 도피 썰!🏃‍♀️#유퀴즈온더블럭 | YOU QUIZ ON THE BLOCK EP.344,@rotten_shrimp,영화 좋아하는 내가 직장 문제로 힘들던 차에 처음으로 정주행한 드라마 김부장. 그런데 내가 좋아했던 수많은 영화에 배우님이 계셨습니다 너무 늦게 성함을 알았네요 배우님을 보며 열심히 살아야겠다는 다짐을 합니다 유퀴즈 본방사수 할게요❤,0,2026-05-19T01:24:28Z,중립,0.3131
Qqc156oUoIg,[예고] 백상 조연상! 명품 배우 유승목🏆 감격의 수상 순간 비하인드와 아내와의 사랑의 도피 썰!🏃‍♀️#유퀴즈온더블럭 | YOU QUIZ ON THE BLOCK EP.344,@haewon_luv0324,허수아비에서 잘 보고 있습니다 🎉🎉🎉,0,2026-05-19T01:11:32Z,중립,0.0754
Qqc156oUoIg,[예고] 백상 조연상! 명품 배우 유승목🏆 감격의 수상 순간 비하인드와 아내와의 사랑의 도피 썰!🏃‍♀️#유퀴즈온더블럭 | YOU QUIZ ON THE BLOCK EP.344,@brianpark8495,"여성발명왕 김은미
여성발명왕 김은미
여성발명왕 김은미
여성발명왕 김은미
이분 꼭 불러주세요. 이공대가 살아가 대한민국이 삽니다.",0,2026-05-19T01:04:10Z,중립,0.0898
Qqc156oUoIg,[예고] 백상 조연상! 명품 배우 유승목🏆 감격의 수상 순간 비하인드와 아내와의 사랑의 도피 썰!🏃‍♀️#유퀴즈온더블럭 | YOU QUIZ ON THE BLOCK EP.344,@brianpark8495,"최초 여성발명왕 김은미 부사장 불러주세요.

https://n.news.naver.com/article/011/0004622237",0,2026-05-19T01:03:38Z,중립,0.0855
Qqc156oUoIg,[예고] 백상 조연상! 명품 배우 유승목🏆 감격의 수상 순간 비하인드와 아내와의 사랑의 도피 썰!🏃‍♀️#유퀴즈온더블럭 | YOU QUIZ ON THE BLOCK EP.344,@totoro._.2727,"열혈사제 순천오광두로 처음 알게되었어요!
이후로 무빙에서도 크래시에도 나오시고 할때마다 넘 반가웠습니다 응원합니다🎉🎉",0,2026-05-19T00:52:20Z,중립,0.3766
Qqc156oUoIg,[예고] 백상 조연상! 명품 배우 유승목🏆 감격의 수상 순간 비하인드와 아내와의 사랑의 도피 썰!🏃‍♀️#유퀴즈온더블럭 | YOU QUIZ ON THE BLOCK EP.344,@김지운-s9v,받을 분이 받았다.,0,2026-05-19T00:50:01Z,중립,0.311
Qqc156oUoIg,[예고] 백상 조연상! 명품 배우 유승목🏆 감격의 수상 순간 비하인드와 아내와의 사랑의 도피 썰!🏃‍♀️#유퀴즈온더블럭 | YOU QUIZ ON THE BLOCK EP.344,@SiriusB_451,유승목배우님 내년 내후년 계속 상주고 상받으셔도 뭐라 못함.. 연기 너무 잘하심 최고 계속 상받으셔요 ^^,0,2026-05-19T00:36:54Z,중립,0.4943
Qqc156oUoIg,[예고] 백상 조연상! 명품 배우 유승목🏆 감격의 수상 순간 비하인드와 아내와의 사랑의 도피 썰!🏃‍♀️#유퀴즈온더블럭 | YOU QUIZ ON THE BLOCK EP.344,@행복이-e9c,이분..찐인듯~수상하신거 축하드립니다😊,0,2026-05-19T00:18:32Z,중립,0.1798
Qqc156oUoIg,[예고] 백상 조연상! 명품 배우 유승목🏆 감격의 수상 순간 비하인드와 아내와의 사랑의 도피 썰!🏃‍♀️#유퀴즈온더블럭 | YOU QUIZ ON THE BLOCK EP.344,@gosemf327,목소리자체가 되게 배우같음.. 말투도 계속 듣고싶은 우아한 목소리이심 ..,0,2026-05-18T23:00:30Z,중립,0.2699
Qqc156oUoIg,[예고] 백상 조연상! 명품 배우 유승목🏆 감격의 수상 순간 비하인드와 아내와의 사랑의 도피 썰!🏃‍♀️#유퀴즈온더블럭 | YOU QUIZ ON THE BLOCK EP.344,@koreanroc,이번에 허수아비도 그렇고 짱이심ㅋㅋㅋ,0,2026-05-18T22:22:41Z,중립,0.235
Qqc156oUoIg,[예고] 백상 조연상! 명품 배우 유승목🏆 감격의 수상 순간 비하인드와 아내와의 사랑의 도피 썰!🏃‍♀️#유퀴즈온더블럭 | YOU QUIZ ON THE BLOCK EP.344,@여름-p9u,명품배우!!! 명품연기!!!,1,2026-05-18T22:13:07Z,중립,0.5577
Qqc156oUoIg,[예고] 백상 조연상! 명품 배우 유승목🏆 감격의 수상 순간 비하인드와 아내와의 사랑의 도피 썰!🏃‍♀️#유퀴즈온더블럭 | YOU QUIZ ON THE BLOCK EP.344,@user-lv5nr6wh3x-x8i,"이 식물원인지 어딘지가 암튼 눈물존이다
입장과 동시에 눈물흘린 윤경호님때처럼 예고편부터 습기 너무 가득해... ㅠ ㅠ 축하드려요",1,2026-05-18T19:02:38Z,중립,0.14
Qqc156oUoIg,[예고] 백상 조연상! 명품 배우 유승목🏆 감격의 수상 순간 비하인드와 아내와의 사랑의 도피 썰!🏃‍♀️#유퀴즈온더블럭 | YOU QUIZ ON THE BLOCK EP.344,@Helen-n3o7g,"유승목님.. 왜 이제야 상 받으신건지..
감동❤❤❤❤❤❤❤",0,2026-05-18T18:06:22Z,중립,0.6638
Qqc156oUoIg,[예고] 백상 조연상! 명품 배우 유승목🏆 감격의 수상 순간 비하인드와 아내와의 사랑의 도피 썰!🏃‍♀️#유퀴즈온더블럭 | YOU QUIZ ON THE BLOCK EP.344,@Helen-n3o7g,"너무 감동 이였어요.,
유퀴즈 오랜만에 보네.. 이 분 때문에 보네..",0,2026-05-18T18:04:37Z,중립,0.4158
Qqc156oUoIg,[예고] 백상 조연상! 명품 배우 유승목🏆 감격의 수상 순간 비하인드와 아내와의 사랑의 도피 썰!🏃‍♀️#유퀴즈온더블럭 | YOU QUIZ ON THE BLOCK EP.344,@Es이스,진짜 연기 잘 하심  무빙때  너무 연기 잘하셔서 짜증 났어요,0,2026-05-18T17:26:47Z,중립,0.186
Qqc156oUoIg,[예고] 백상 조연상! 명품 배우 유승목🏆 감격의 수상 순간 비하인드와 아내와의 사랑의 도피 썰!🏃‍♀️#유퀴즈온더블럭 | YOU QUIZ ON THE BLOCK EP.344,@개보개보,유퀴즈 진짜 빠르다 ㅋㅋㅋㅋ 이렇게 유승목 낋여주면 우리야 감사하쥐,0,2026-05-18T16:47:04Z,중립,0.8501
Qqc156oUoIg,[예고] 백상 조연상! 명품 배우 유승목🏆 감격의 수상 순간 비하인드와 아내와의 사랑의 도피 썰!🏃‍♀️#유퀴즈온더블럭 | YOU QUIZ ON THE BLOCK EP.344,@roxyk5302,"나는 이런 명연기하시는 분들은 그냥 단순히 명품조연이 아니라, 자기분야에서 최고실력 전문가들이시 명장 이라고 부르고 싶다",0,2026-05-18T16:28:57Z,중립,0.4584
Qqc156oUoIg,[예고] 백상 조연상! 명품 배우 유승목🏆 감격의 수상 순간 비하인드와 아내와의 사랑의 도피 썰!🏃‍♀️#유퀴즈온더블럭 | YOU QUIZ ON THE BLOCK EP.344,@사다하루-b5c,사람냄새 진하게 나는 진짜배기 배우.. 말하는 것만 들어도 느껴진다 오래 인내하고 쌓아온 사람 같다,0,2026-05-18T16:14:50Z,중립,0.2218
Qqc156oUoIg,[예고] 백상 조연상! 명품 배우 유승목🏆 감격의 수상 순간 비하인드와 아내와의 사랑의 도피 썰!🏃‍♀️#유퀴즈온더블럭 | YOU QUIZ ON THE BLOCK EP.344,@user-eu8dp6vk4t,허수아비 잘보고있습니다!! 축하드려요~~,0,2026-05-18T15:36:46Z,중립,0.2718
Qqc156oUoIg,[예고] 백상 조연상! 명품 배우 유승목🏆 감격의 수상 순간 비하인드와 아내와의 사랑의 도피 썰!🏃‍♀️#유퀴즈온더블럭 | YOU QUIZ ON THE BLOCK EP.344,@se0vin,연기 참 잘해..,0,2026-05-18T14:54:58Z,중립,0.2401
Qqc156oUoIg,[예고] 백상 조연상! 명품 배우 유승목🏆 감격의 수상 순간 비하인드와 아내와의 사랑의 도피 썰!🏃‍♀️#유퀴즈온더블럭 | YOU QUIZ ON THE BLOCK EP.344,@hahauji,유.승.목.배우 기억할게요 이번 상은 내 가족이 받은거처럼 기뻤어요🎉,0,2026-05-18T14:45:20Z,중립,0.2725
Qqc156oUoIg,[예고] 백상 조연상! 명품 배우 유승목🏆 감격의 수상 순간 비하인드와 아내와의 사랑의 도피 썰!🏃‍♀️#유퀴즈온더블럭 | YOU QUIZ ON THE BLOCK EP.344,@홀리싓-z6m,여기저기 작품에서 많이 봤는데 다 동일인물인지 몰랐음 ㄹㅇ 팔색조 그자체,0,2026-05-18T14:43:40Z,중립,0.1473
Qqc156oUoIg,[예고] 백상 조연상! 명품 배우 유승목🏆 감격의 수상 순간 비하인드와 아내와의 사랑의 도피 썰!🏃‍♀️#유퀴즈온더블럭 | YOU QUIZ ON THE BLOCK EP.344,@hahauji,진짜 앞으로 더 승승장구하시고 그동안 고생하셨던거 보다 훨씬 훨씬 더더더 좋은 일만 생기길 기도할게요. 따님들도 예쁘고 배우님도 무조건 응원할게요😊,0,2026-05-18T14:42:15Z,중립,0.3454
Qqc156oUoIg,[예고] 백상 조연상! 명품 배우 유승목🏆 감격의 수상 순간 비하인드와 아내와의 사랑의 도피 썰!🏃‍♀️#유퀴즈온더블럭 | YOU QUIZ ON THE BLOCK EP.344,@yejoon-s8z,"연기가 늘 좋았어요~
앞으로도 기대합니다~
배우님 축하드려요~~",2,2026-05-18T14:32:30Z,중립,0.4691
Qqc156oUoIg,[예고] 백상 조연상! 명품 배우 유승목🏆 감격의 수상 순간 비하인드와 아내와의 사랑의 도피 썰!🏃‍♀️#유퀴즈온더블럭 | YOU QUIZ ON THE BLOCK EP.344,@hygge-h8x,나는 연극배우 출신들의 이런 서사가 너무 좋더라,2,2026-05-18T14:18:12Z,중립,0.2094
Qqc156oUoIg,[예고] 백상 조연상! 명품 배우 유승목🏆 감격의 수상 순간 비하인드와 아내와의 사랑의 도피 썰!🏃‍♀️#유퀴즈온더블럭 | YOU QUIZ ON THE BLOCK EP.344,@Hyeryeon1011,"넘 넘 좋아하는 배우라 수상 호명 될 때 소리쳤어요.
앞으로도 쭉 응원합니다.♡♡",0,2026-05-18T13:55:23Z,중립,0.3422
Qqc156oUoIg,[예고] 백상 조연상! 명품 배우 유승목🏆 감격의 수상 순간 비하인드와 아내와의 사랑의 도피 썰!🏃‍♀️#유퀴즈온더블럭 | YOU QUIZ ON THE BLOCK EP.344,@daegujun99,허수아비 이희준 아버지네 ㅋㅋㅋㅋㅋㅋㅋㅋ,0,2026-05-18T13:51:19Z,중립,0.1593
Qqc156oUoIg,[예고] 백상 조연상! 명품 배우 유승목🏆 감격의 수상 순간 비하인드와 아내와의 사랑의 도피 썰!🏃‍♀️#유퀴즈온더블럭 | YOU QUIZ ON THE BLOCK EP.344,@모모링-o3s,모범택시 시즌1때도 넘 잘봤답니다. 진짜 축하드려요!!,0,2026-05-18T13:34:59Z,중립,0.3688
Qqc156oUoIg,[예고] 백상 조연상! 명품 배우 유승목🏆 감격의 수상 순간 비하인드와 아내와의 사랑의 도피 썰!🏃‍♀️#유퀴즈온더블럭 | YOU QUIZ ON THE BLOCK EP.344,@24j7_,너무추카해❤사랑해요❤ 더더더대박나세요❤ 가족모두 행운억만개🍀받으세요🍀,0,2026-05-18T13:29:31Z,중립,0.4386
Qqc156oUoIg,[예고] 백상 조연상! 명품 배우 유승목🏆 감격의 수상 순간 비하인드와 아내와의 사랑의 도피 썰!🏃‍♀️#유퀴즈온더블럭 | YOU QUIZ ON THE BLOCK EP.344,@TV-fr4ce,이 분은 뭐.. 명품 조연이지~,0,2026-05-18T13:21:46Z,중립,0.2494
Qqc156oUoIg,[예고] 백상 조연상! 명품 배우 유승목🏆 감격의 수상 순간 비하인드와 아내와의 사랑의 도피 썰!🏃‍♀️#유퀴즈온더블럭 | YOU QUIZ ON THE BLOCK EP.344,@ivebeento,"손더게스트 화평이 아부지, 헤어질 결심의 서래의 남편…인상깊은 연기 많이 보여주셔서 감사합니다. 앞으로도 계속 보고 싶은 배우님이십니다",0,2026-05-18T13:21:37Z,중립,0.8887
Qqc156oUoIg,[예고] 백상 조연상! 명품 배우 유승목🏆 감격의 수상 순간 비하인드와 아내와의 사랑의 도피 썰!🏃‍♀️#유퀴즈온더블럭 | YOU QUIZ ON THE BLOCK EP.344,@aqaadd5373,앞으로 더 승승장구하시길!!!!!!!!!!!,1,2026-05-18T13:09:19Z,중립,0.3266
Qqc156oUoIg,[예고] 백상 조연상! 명품 배우 유승목🏆 감격의 수상 순간 비하인드와 아내와의 사랑의 도피 썰!🏃‍♀️#유퀴즈온더블럭 | YOU QUIZ ON THE BLOCK EP.344,@北朝鮮人民共和國,이 분 하고 하이킥 신세경 아빠 나오는 거면 거진 재밌음. 이런 분들이 조연상 받고 그래야 조연들이 힘내서 더 열심히들 하시지.,0,2026-05-18T13:06:48Z,중립,0.1363
Qqc156oUoIg,[예고] 백상 조연상! 명품 배우 유승목🏆 감격의 수상 순간 비하인드와 아내와의 사랑의 도피 썰!🏃‍♀️#유퀴즈온더블럭 | YOU QUIZ ON THE BLOCK EP.344,@유미림,"너무 축하드려요
앞으로 더 훨훨 나시길🤍",0,2026-05-18T13:06:04Z,중립,0.4363
Qqc156oUoIg,[예고] 백상 조연상! 명품 배우 유승목🏆 감격의 수상 순간 비하인드와 아내와의 사랑의 도피 썰!🏃‍♀️#유퀴즈온더블럭 | YOU QUIZ ON THE BLOCK EP.344,@k신마적,진심으로 축하드립니다 정말 정말 멋진배우님 앞으로도 좋은활동 응원합니다!,0,2026-05-18T12:53:54Z,중립,0.3247
Qqc156oUoIg,[예고] 백상 조연상! 명품 배우 유승목🏆 감격의 수상 순간 비하인드와 아내와의 사랑의 도피 썰!🏃‍♀️#유퀴즈온더블럭 | YOU QUIZ ON THE BLOCK EP.344,@mirecha5866,1987에서도 그 시절 안기부 같아서 기억에 남았는데 김부장에서 백상무는 진짜.. 웃기고 짠하고 다 했어요. 캐릭터 그 자체로 보이심,0,2026-05-18T12:47:37Z,중립,0.1431
Qqc156oUoIg,[예고] 백상 조연상! 명품 배우 유승목🏆 감격의 수상 순간 비하인드와 아내와의 사랑의 도피 썰!🏃‍♀️#유퀴즈온더블럭 | YOU QUIZ ON THE BLOCK EP.344,@jungyoungkim1070,유승목배우님 늘 승승장구하세요 응원 합니다🎉🎉🎉🎉🎉🎉,0,2026-05-18T12:46:53Z,중립,0.3375
Qqc156oUoIg,[예고] 백상 조연상! 명품 배우 유승목🏆 감격의 수상 순간 비하인드와 아내와의 사랑의 도피 썰!🏃‍♀️#유퀴즈온더블럭 | YOU QUIZ ON THE BLOCK EP.344,@mandu-99,동막골아저씨,0,2026-05-18T12:34:35Z,중립,0.0725
Qqc156oUoIg,[예고] 백상 조연상! 명품 배우 유승목🏆 감격의 수상 순간 비하인드와 아내와의 사랑의 도피 썰!🏃‍♀️#유퀴즈온더블럭 | YOU QUIZ ON THE BLOCK EP.344,@iq200wAnT,나는 처음으로 본 게 보이스로 봤는데 정말 재밌게 본 드라마 중 하나라서 더 기억에 남았음..그 이후로 좀 더 뜨셨으면 했는데 조연상까지 받으신 거 너무 내가 다 뿌듯함,0,2026-05-18T12:23:45Z,중립,0.3686
Qqc156oUoIg,[예고] 백상 조연상! 명품 배우 유승목🏆 감격의 수상 순간 비하인드와 아내와의 사랑의 도피 썰!🏃‍♀️#유퀴즈온더블럭 | YOU QUIZ ON THE BLOCK EP.344,@강가딘z,"아, 무빙에서 그, 킁킁이!!",0,2026-05-18T12:22:38Z,중립,0.1597
Qqc156oUoIg,[예고] 백상 조연상! 명품 배우 유승목🏆 감격의 수상 순간 비하인드와 아내와의 사랑의 도피 썰!🏃‍♀️#유퀴즈온더블럭 | YOU QUIZ ON THE BLOCK EP.344,@willrihee,개인적으로 영화 1987에서도 인상깊게 연기하신다고 느꼈습니다 수상 축하드려용,0,2026-05-18T12:20:32Z,중립,0.5641
Qqc156oUoIg,[예고] 백상 조연상! 명품 배우 유승목🏆 감격의 수상 순간 비하인드와 아내와의 사랑의 도피 썰!🏃‍♀️#유퀴즈온더블럭 | YOU QUIZ ON THE BLOCK EP.344,@zhanghera3367,드라마 용팔이에서 형사님으로 나오실때부터 눈여겨봤습니다. 그뒤로 나오실때마다 “와 연기잘하시는 배우님”으로 알고있다가 김부장속 “백상무님”으로 알고있다가 이제는 배우 유승목으로 기억합니다. 유승목배우님 백상 수상축하드립니다!!,0,2026-05-18T12:15:40Z,중립,0.3381
Qqc156oUoIg,[예고] 백상 조연상! 명품 배우 유승목🏆 감격의 수상 순간 비하인드와 아내와의 사랑의 도피 썰!🏃‍♀️#유퀴즈온더블럭 | YOU QUIZ ON THE BLOCK EP.344,@usernopainnogain,연기 진짜 잘하심,0,2026-05-18T12:11:12Z,중립,0.3968
Qqc156oUoIg,[예고] 백상 조연상! 명품 배우 유승목🏆 감격의 수상 순간 비하인드와 아내와의 사랑의 도피 썰!🏃‍♀️#유퀴즈온더블럭 | YOU QUIZ ON THE BLOCK EP.344,@만주벌판말달리자,승목이 동생을 응원해 주신 모든분들 감사드립니다.,0,2026-05-18T12:05:50Z,중립,0.9096
Qqc156oUoIg,[예고] 백상 조연상! 명품 배우 유승목🏆 감격의 수상 순간 비하인드와 아내와의 사랑의 도피 썰!🏃‍♀️#유퀴즈온더블럭 | YOU QUIZ ON THE BLOCK EP.344,@더블유-v1b,내 일처럼 기쁘네요. 축하드려요.,0,2026-05-18T12:05:18Z,중립,0.4798
Qqc156oUoIg,[예고] 백상 조연상! 명품 배우 유승목🏆 감격의 수상 순간 비하인드와 아내와의 사랑의 도피 썰!🏃‍♀️#유퀴즈온더블럭 | YOU QUIZ ON THE BLOCK EP.344,@다쓰-z7m,이번주 유퀴즈 라인업 머지 ;;;,0,2026-05-18T11:51:45Z,중립,0.2522
Qqc156oUoIg,[예고] 백상 조연상! 명품 배우 유승목🏆 감격의 수상 순간 비하인드와 아내와의 사랑의 도피 썰!🏃‍♀️#유퀴즈온더블럭 | YOU QUIZ ON THE BLOCK EP.344,@kyjelblue,유승목 배우님 축하드립니다!!  너무 잘 보고 있습니다!!,1,2026-05-18T11:43:15Z,중립,0.3286
Qqc156oUoIg,[예고] 백상 조연상! 명품 배우 유승목🏆 감격의 수상 순간 비하인드와 아내와의 사랑의 도피 썰!🏃‍♀️#유퀴즈온더블럭 | YOU QUIZ ON THE BLOCK EP.344,@이안나-w7d4q,착하고 연기잘하는 사람이 이긴다❤,0,2026-05-18T11:41:48Z,중립,0.2705
Qqc156oUoIg,[예고] 백상 조연상! 명품 배우 유승목🏆 감격의 수상 순간 비하인드와 아내와의 사랑의 도피 썰!🏃‍♀️#유퀴즈온더블럭 | YOU QUIZ ON THE BLOCK EP.344,@카와이-g4h,축하드려요^^,0,2026-05-18T11:33:25Z,중립,0.5947
Qqc156oUoIg,[예고] 백상 조연상! 명품 배우 유승목🏆 감격의 수상 순간 비하인드와 아내와의 사랑의 도피 썰!🏃‍♀️#유퀴즈온더블럭 | YOU QUIZ ON THE BLOCK EP.344,@kimssom3770,전 손더게스트에서 화평이 아부지로 나오셨을 때 처음 알았어요~~ 늘 잘보고 있습니다 ! 수상 축하드려요~~,0,2026-05-18T11:31:33Z,중립,0.6356
Qqc156oUoIg,[예고] 백상 조연상! 명품 배우 유승목🏆 감격의 수상 순간 비하인드와 아내와의 사랑의 도피 썰!🏃‍♀️#유퀴즈온더블럭 | YOU QUIZ ON THE BLOCK EP.344,@아아야야루류류,손더게 화평이 아부지ㅜㅜㅜㅜ 수상 축하드립니다,0,2026-05-18T11:18:53Z,중립,0.7034
Qqc156oUoIg,[예고] 백상 조연상! 명품 배우 유승목🏆 감격의 수상 순간 비하인드와 아내와의 사랑의 도피 썰!🏃‍♀️#유퀴즈온더블럭 | YOU QUIZ ON THE BLOCK EP.344,@백이화-d4b,"연기 너무좋습니다❤😊
흥 하세요🎉",0,2026-05-18T11:17:57Z,중립,0.1114
Qqc156oUoIg,[예고] 백상 조연상! 명품 배우 유승목🏆 감격의 수상 순간 비하인드와 아내와의 사랑의 도피 썰!🏃‍♀️#유퀴즈온더블럭 | YOU QUIZ ON THE BLOCK EP.344,@Jdjdjdjsiiw,수많은 작품을 봤는데 정작 존함을 몰랐네요. 유승목 이름 세글자 꼭 기억하겠습니다. 너무 축하드리고 앞으로 더 좋은날 있길 간절히 바라겠습니다🎉,1,2026-05-18T11:16:06Z,중립,0.2804
Qqc156oUoIg,[예고] 백상 조연상! 명품 배우 유승목🏆 감격의 수상 순간 비하인드와 아내와의 사랑의 도피 썰!🏃‍♀️#유퀴즈온더블럭 | YOU QUIZ ON THE BLOCK EP.344,@aaaaa_302,가족계획에서 조해팔 너무 강렬했어요,0,2026-05-18T11:13:08Z,중립,0.2197
Qqc156oUoIg,[예고] 백상 조연상! 명품 배우 유승목🏆 감격의 수상 순간 비하인드와 아내와의 사랑의 도피 썰!🏃‍♀️#유퀴즈온더블럭 | YOU QUIZ ON THE BLOCK EP.344,@프라다-n4b,와 이분은 진짜 보고싶다 얀기 잘하시는데,0,2026-05-18T11:11:10Z,중립,0.0774
Qqc156oUoIg,[예고] 백상 조연상! 명품 배우 유승목🏆 감격의 수상 순간 비하인드와 아내와의 사랑의 도피 썰!🏃‍♀️#유퀴즈온더블럭 | YOU QUIZ ON THE BLOCK EP.344,@한미경-k7t,오  기대만땅,0,2026-05-18T11:08:39Z,중립,0.4451
Qqc156oUoIg,[예고] 백상 조연상! 명품 배우 유승목🏆 감격의 수상 순간 비하인드와 아내와의 사랑의 도피 썰!🏃‍♀️#유퀴즈온더블럭 | YOU QUIZ ON THE BLOCK EP.344,@youngjuan0121,순천 오광두(열혈사제1) 최고였습니다!!,0,2026-05-18T11:06:43Z,중립,0.2954
Qqc156oUoIg,[예고] 백상 조연상! 명품 배우 유승목🏆 감격의 수상 순간 비하인드와 아내와의 사랑의 도피 썰!🏃‍♀️#유퀴즈온더블럭 | YOU QUIZ ON THE BLOCK EP.344,@박혜원-l7q,보이스 나계장님❤,0,2026-05-18T11:04:10Z,중립,0.6608
Qqc156oUoIg,[예고] 백상 조연상! 명품 배우 유승목🏆 감격의 수상 순간 비하인드와 아내와의 사랑의 도피 썰!🏃‍♀️#유퀴즈온더블럭 | YOU QUIZ ON THE BLOCK EP.344,@이이클,손더게스트때부터 인상깊게 봤는데 성함을 기억 못했습니다. 유승목 배우님 축하드립니다.,0,2026-05-18T10:51:31Z,중립,0.7812
Qqc156oUoIg,[예고] 백상 조연상! 명품 배우 유승목🏆 감격의 수상 순간 비하인드와 아내와의 사랑의 도피 썰!🏃‍♀️#유퀴즈온더블럭 | YOU QUIZ ON THE BLOCK EP.344,@옴뇸뇸-g9b,손더게스트👍🏻,0,2026-05-18T10:50:47Z,중립,0.3862
Qqc156oUoIg,[예고] 백상 조연상! 명품 배우 유승목🏆 감격의 수상 순간 비하인드와 아내와의 사랑의 도피 썰!🏃‍♀️#유퀴즈온더블럭 | YOU QUIZ ON THE BLOCK EP.344,@가을꽃돼지,나 이분넘좋아~~진짜 상 많이 받으신줄 알아는뎅~~받아할분이 받아서 추카추카❤,0,2026-05-18T10:47:59Z,중립,0.3448
Qqc156oUoIg,[예고] 백상 조연상! 명품 배우 유승목🏆 감격의 수상 순간 비하인드와 아내와의 사랑의 도피 썰!🏃‍♀️#유퀴즈온더블럭 | YOU QUIZ ON THE BLOCK EP.344,@jjang_y00,요즘 보이스1부터 정주행해서 너무 익숙한 얼굴 이제 존함도 외웠음.,0,2026-05-18T10:46:17Z,중립,0.1109
Qqc156oUoIg,[예고] 백상 조연상! 명품 배우 유승목🏆 감격의 수상 순간 비하인드와 아내와의 사랑의 도피 썰!🏃‍♀️#유퀴즈온더블럭 | YOU QUIZ ON THE BLOCK EP.344,@user-lotto,형님 진심으로 축하드립니다^^ ㅊㅊㅊㅊㅊㅊㅊㅊㅊㅊㅊㅊㅊㅊㅊㅊㅊㅊㅊㅊㅊㅊㅊㅊㅊㅊㅊㅊ,0,2026-05-18T10:45:33Z,중립,0.3382
Qqc156oUoIg,[예고] 백상 조연상! 명품 배우 유승목🏆 감격의 수상 순간 비하인드와 아내와의 사랑의 도피 썰!🏃‍♀️#유퀴즈온더블럭 | YOU QUIZ ON THE BLOCK EP.344,@치킨집-z2s,다시 한번 수상 축하드려요,1,2026-05-18T10:45:03Z,중립,0.7974
Qqc156oUoIg,[예고] 백상 조연상! 명품 배우 유승목🏆 감격의 수상 순간 비하인드와 아내와의 사랑의 도피 썰!🏃‍♀️#유퀴즈온더블럭 | YOU QUIZ ON THE BLOCK EP.344,@cdj1506,아 벌써 눈물난다,0,2026-05-18T10:44:32Z,중립,0.8848
Qqc156oUoIg,[예고] 백상 조연상! 명품 배우 유승목🏆 감격의 수상 순간 비하인드와 아내와의 사랑의 도피 썰!🏃‍♀️#유퀴즈온더블럭 | YOU QUIZ ON THE BLOCK EP.344,@enengneng22,이번 백상에서 이 분이 상 받은게 제일 좋았음.,21,2026-05-18T10:43:55Z,중립,0.4076
Qqc156oUoIg,[예고] 백상 조연상! 명품 배우 유승목🏆 감격의 수상 순간 비하인드와 아내와의 사랑의 도피 썰!🏃‍♀️#유퀴즈온더블럭 | YOU QUIZ ON THE BLOCK EP.344,@Ri-in-q6y,"연기 너무 잘하는 멋진분 
더 잘 되시길..",0,2026-05-18T10:34:39Z,중립,0.1301
Qqc156oUoIg,[예고] 백상 조연상! 명품 배우 유승목🏆 감격의 수상 순간 비하인드와 아내와의 사랑의 도피 썰!🏃‍♀️#유퀴즈온더블럭 | YOU QUIZ ON THE BLOCK EP.344,@김혜정-f2m3h,백상은 왜 유재석을 초청안했나,0,2026-05-18T10:32:23Z,중립,0.2505
Qqc156oUoIg,[예고] 백상 조연상! 명품 배우 유승목🏆 감격의 수상 순간 비하인드와 아내와의 사랑의 도피 썰!🏃‍♀️#유퀴즈온더블럭 | YOU QUIZ ON THE BLOCK EP.344,@jinkimasdr,너무 좋아하는 배우님! 응원합니다!,0,2026-05-18T10:30:44Z,중립,0.2768
Qqc156oUoIg,[예고] 백상 조연상! 명품 배우 유승목🏆 감격의 수상 순간 비하인드와 아내와의 사랑의 도피 썰!🏃‍♀️#유퀴즈온더블럭 | YOU QUIZ ON THE BLOCK EP.344,@pink8551,이렇게 연기 잘하시는 분이 어떻게 첫 수상일 수가 있는지..ㅠㅠ 더 잘 되셨음 좋겠어요,0,2026-05-18T10:30:26Z,중립,0.665
Qqc156oUoIg,[예고] 백상 조연상! 명품 배우 유승목🏆 감격의 수상 순간 비하인드와 아내와의 사랑의 도피 썰!🏃‍♀️#유퀴즈온더블럭 | YOU QUIZ ON THE BLOCK EP.344,@cgkim1063,무빙 교장쌤 킁~ 킁~,0,2026-05-18T10:23:20Z,중립,0.2776
Qqc156oUoIg,[예고] 백상 조연상! 명품 배우 유승목🏆 감격의 수상 순간 비하인드와 아내와의 사랑의 도피 썰!🏃‍♀️#유퀴즈온더블럭 | YOU QUIZ ON THE BLOCK EP.344,@최혜정-v7p,수상 축하드려요❤❤❤🎉🎉🎉,0,2026-05-18T10:18:02Z,중립,0.219
Qqc156oUoIg,[예고] 백상 조연상! 명품 배우 유승목🏆 감격의 수상 순간 비하인드와 아내와의 사랑의 도피 썰!🏃‍♀️#유퀴즈온더블럭 | YOU QUIZ ON THE BLOCK EP.344,@오후5시반노을,출연자체가 감동입니다.🥰 ❤,7,2026-05-18T10:13:06Z,중립,0.4391
Qqc156oUoIg,[예고] 백상 조연상! 명품 배우 유승목🏆 감격의 수상 순간 비하인드와 아내와의 사랑의 도피 썰!🏃‍♀️#유퀴즈온더블럭 | YOU QUIZ ON THE BLOCK EP.344,@cobaltsky2838,"요즘 허수아비 재미있게 보는데 너무 나쁜사람으로 나와서, , ,연기를 잘 해서 그런거겠죠,",0,2026-05-18T10:10:59Z,중립,0.1376
Qqc156oUoIg,[예고] 백상 조연상! 명품 배우 유승목🏆 감격의 수상 순간 비하인드와 아내와의 사랑의 도피 썰!🏃‍♀️#유퀴즈온더블럭 | YOU QUIZ ON THE BLOCK EP.344,@구염둥이827,"상을 너무 늦게 받으신것 같아요. 
정말 축하드립니다! 앞으로도 계속 많이많이 나와주세요!😊",0,2026-05-18T10:08:36Z,중립,0.4143
Qqc156oUoIg,[예고] 백상 조연상! 명품 배우 유승목🏆 감격의 수상 순간 비하인드와 아내와의 사랑의 도피 썰!🏃‍♀️#유퀴즈온더블럭 | YOU QUIZ ON THE BLOCK EP.344,@김해성-u8y,유승목 배우님..승승장구 하세요..좋은배우,0,2026-05-18T10:07:02Z,중립,0.3496
Qqc156oUoIg,[예고] 백상 조연상! 명품 배우 유승목🏆 감격의 수상 순간 비하인드와 아내와의 사랑의 도피 썰!🏃‍♀️#유퀴즈온더블럭 | YOU QUIZ ON THE BLOCK EP.344,@heartiSG,명품배우.  더 다른말이 필요없는.,1,2026-05-18T10:05:55Z,중립,0.4048
Qqc156oUoIg,[예고] 백상 조연상! 명품 배우 유승목🏆 감격의 수상 순간 비하인드와 아내와의 사랑의 도피 썰!🏃‍♀️#유퀴즈온더블럭 | YOU QUIZ ON THE BLOCK EP.344,@kvickar,문가영 신세경 같은 애들이 받을게 아니었거든 ㅋㅋㅋㅋㅋㅋ 백상도 여자는 인기로 주더라고,0,2026-05-18T10:05:53Z,중립,0.2058
Qqc156oUoIg,[예고] 백상 조연상! 명품 배우 유승목🏆 감격의 수상 순간 비하인드와 아내와의 사랑의 도피 썰!🏃‍♀️#유퀴즈온더블럭 | YOU QUIZ ON THE BLOCK EP.344,@iknow330,너무 늦게 받으셨어요,0,2026-05-18T10:01:45Z,중립,0.1403
Qqc156oUoIg,[예고] 백상 조연상! 명품 배우 유승목🏆 감격의 수상 순간 비하인드와 아내와의 사랑의 도피 썰!🏃‍♀️#유퀴즈온더블럭 | YOU QUIZ ON THE BLOCK EP.344,@아기백호얌,"근데 인기말고 주조연 떠나서 연기 잘하는 이런분들이 상을 많이 받았으면 좋겠음
인기있고 시청률 잘나오면 무조건 상주는거 너무 싫어
정말 연기 잘한 사람에게 주자",1,2026-05-18T10:00:46Z,중립,0.0681
Qqc156oUoIg,[예고] 백상 조연상! 명품 배우 유승목🏆 감격의 수상 순간 비하인드와 아내와의 사랑의 도피 썰!🏃‍♀️#유퀴즈온더블럭 | YOU QUIZ ON THE BLOCK EP.344,@remon12340,백상은 이런분만 타면 좋겠습니다. 거만하고 무례한 인간들 말고!,0,2026-05-18T09:59:25Z,중립,0.1786
Qqc156oUoIg,[예고] 백상 조연상! 명품 배우 유승목🏆 감격의 수상 순간 비하인드와 아내와의 사랑의 도피 썰!🏃‍♀️#유퀴즈온더블럭 | YOU QUIZ ON THE BLOCK EP.344,@빵울zZ,"요즘 “손더 게스트“라는 드라마보는데
여기에도 유승목 배우님 나오심 엄청난 다작배우!!!!!",2,2026-05-18T09:55:55Z,중립,0.4991
Qqc156oUoIg,[예고] 백상 조연상! 명품 배우 유승목🏆 감격의 수상 순간 비하인드와 아내와의 사랑의 도피 썰!🏃‍♀️#유퀴즈온더블럭 | YOU QUIZ ON THE BLOCK EP.344,@심야am,악역을 했는데도 좋은 인상으로 남는걸 보면 사람 자체가 좋은 사람인 것 같아요,4,2026-05-18T09:54:39Z,중립,0.5474
Qqc156oUoIg,[예고] 백상 조연상! 명품 배우 유승목🏆 감격의 수상 순간 비하인드와 아내와의 사랑의 도피 썰!🏃‍♀️#유퀴즈온더블럭 | YOU QUIZ ON THE BLOCK EP.344,@이상현-j5n,"오랜 노력과 기다림 끝에 결실은 맺는 이런 모습이 참...
너무 감동입니다. 백상 수상 너무 축하드려요.",2,2026-05-18T09:47:36Z,중립,0.6294
Qqc156oUoIg,[예고] 백상 조연상! 명품 배우 유승목🏆 감격의 수상 순간 비하인드와 아내와의 사랑의 도피 썰!🏃‍♀️#유퀴즈온더블럭 | YOU QUIZ ON THE BLOCK EP.344,@Zthbjj,연기자가 아니라 김부장에서 처음봤는데 걍 회사 상무 그대로 데려온줄 알았음,0,2026-05-18T09:41:37Z,중립,0.3185
Qqc156oUoIg,[예고] 백상 조연상! 명품 배우 유승목🏆 감격의 수상 순간 비하인드와 아내와의 사랑의 도피 썰!🏃‍♀️#유퀴즈온더블럭 | YOU QUIZ ON THE BLOCK EP.344,@dongwl9977,오래오래 연기해주세요! 늘 응원합니다 유승목 배우님~!,1,2026-05-18T09:36:26Z,중립,0.552
Qqc156oUoIg,[예고] 백상 조연상! 명품 배우 유승목🏆 감격의 수상 순간 비하인드와 아내와의 사랑의 도피 썰!🏃‍♀️#유퀴즈온더블럭 | YOU QUIZ ON THE BLOCK EP.344,@aarty1122,"난  이분 예전부터 연기잘하는데 왜 무명이고  안뜰까? 참 의아했는데
드뎌 빛을보내요
축하드립니다",0,2026-05-18T09:35:06Z,중립,0.3274
Qqc156oUoIg,[예고] 백상 조연상! 명품 배우 유승목🏆 감격의 수상 순간 비하인드와 아내와의 사랑의 도피 썰!🏃‍♀️#유퀴즈온더블럭 | YOU QUIZ ON THE BLOCK EP.344,@jk-bo9ho,이 분 보이스에서도 너무 좋았어요 ❤,2,2026-05-18T09:34:21Z,중립,0.3276
Qqc156oUoIg,[예고] 백상 조연상! 명품 배우 유승목🏆 감격의 수상 순간 비하인드와 아내와의 사랑의 도피 썰!🏃‍♀️#유퀴즈온더블럭 | YOU QUIZ ON THE BLOCK EP.344,@jekim5867,"댓글들이 다 선해요:) 
댓글도 읽을만 나요❤❤❤ 유배우님 화이팅❤❤❤❤",3,2026-05-18T09:34:03Z,중립,0.3564
Qqc156oUoIg,[예고] 백상 조연상! 명품 배우 유승목🏆 감격의 수상 순간 비하인드와 아내와의 사랑의 도피 썰!🏃‍♀️#유퀴즈온더블럭 | YOU QUIZ ON THE BLOCK EP.344,@유동균-q9n,고령화가족에서 기억에 남아요,1,2026-05-18T09:28:54Z,중립,0.3344
Qqc156oUoIg,[예고] 백상 조연상! 명품 배우 유승목🏆 감격의 수상 순간 비하인드와 아내와의 사랑의 도피 썰!🏃‍♀️#유퀴즈온더블럭 | YOU QUIZ ON THE BLOCK EP.344,@tomen55,"산소 같은 분들 참 많죠. 드라마를 보면 늘 나오던 조연급으로 등장하는 수많은 배우들 
많은 수상식들은 그런 배우들을 대중 앞에 발굴하고 빛나게 해줘야 합니다. 
대중들은 미안하게도 스포트라이트를 주지 않으면 그들의 숨은 노력을 무심함에 잊곤 합니다.
그렇게 빛난 배우들의 보석 같은 연기가 우리 마음에 깊은 여운을 남기고, 작품을 더 풍성하게 만들며, 
결국 우리의 감성까지 넓혀준다는 것을 다시 한번 느끼게 됩니다.",4,2026-05-18T09:22:01Z,중립,0.3213
Qqc156oUoIg,[예고] 백상 조연상! 명품 배우 유승목🏆 감격의 수상 순간 비하인드와 아내와의 사랑의 도피 썰!🏃‍♀️#유퀴즈온더블럭 | YOU QUIZ ON THE BLOCK EP.344,@이철재-p3g,세상 가장 멋진 남자는 와이프를 사랑하고 감사할줄 아는 남자 그걸 수상소감에서 느꼈습니다 멋지십니다!,19,2026-05-18T09:20:35Z,중립,0.6327
Qqc156oUoIg,[예고] 백상 조연상! 명품 배우 유승목🏆 감격의 수상 순간 비하인드와 아내와의 사랑의 도피 썰!🏃‍♀️#유퀴즈온더블럭 | YOU QUIZ ON THE BLOCK EP.344,@그만때려-e5t,연기를보는게 아니고 그냥 저사람인데 저인물이 실존해있다고 생각한경우 딱두번있었는데 안성기 배우님과 유승목 배우님이세요 늦게 피는꽃이 아름답네요 😊,1,2026-05-18T09:17:44Z,중립,0.2388
Qqc156oUoIg,[예고] 백상 조연상! 명품 배우 유승목🏆 감격의 수상 순간 비하인드와 아내와의 사랑의 도피 썰!🏃‍♀️#유퀴즈온더블럭 | YOU QUIZ ON THE BLOCK EP.344,@PerpetualEclipses,"명품 배우들의 특징들:
한 번도, 혹은 거의 한평생 상이란 상은 받아보지 못함
그런데 모든 시청자가 다 알아봄
“아, 그 배우… 맞아 맞아”",1,2026-05-18T09:14:55Z,중립,0.2042
Qqc156oUoIg,[예고] 백상 조연상! 명품 배우 유승목🏆 감격의 수상 순간 비하인드와 아내와의 사랑의 도피 썰!🏃‍♀️#유퀴즈온더블럭 | YOU QUIZ ON THE BLOCK EP.344,@PerpetualEclipses,"내가 김부장 브금을 어떻게 잊었는데....................................................................
유승목 배우님 멋지십니다",1,2026-05-18T09:13:22Z,중립,0.2724
Qqc156oUoIg,[예고] 백상 조연상! 명품 배우 유승목🏆 감격의 수상 순간 비하인드와 아내와의 사랑의 도피 썰!🏃‍♀️#유퀴즈온더블럭 | YOU QUIZ ON THE BLOCK EP.344,@아사람논란없는분,씬스틸러 🎉🎉,1,2026-05-18T09:08:42Z,중립,0.0979
Qqc156oUoIg,[예고] 백상 조연상! 명품 배우 유승목🏆 감격의 수상 순간 비하인드와 아내와의 사랑의 도피 썰!🏃‍♀️#유퀴즈온더블럭 | YOU QUIZ ON THE BLOCK EP.344,@Ollikey,내가 좋아하는 배우,3,2026-05-18T09:08:13Z,중립,0.2042
Qqc156oUoIg,[예고] 백상 조연상! 명품 배우 유승목🏆 감격의 수상 순간 비하인드와 아내와의 사랑의 도피 썰!🏃‍♀️#유퀴즈온더블럭 | YOU QUIZ ON THE BLOCK EP.344,@삐약삐약이-u2e,진짜 이 분 앞으로 더 잘되시면좋겠다!,4,2026-05-18T08:59:57Z,중립,0.3017
Qqc156oUoIg,[예고] 백상 조연상! 명품 배우 유승목🏆 감격의 수상 순간 비하인드와 아내와의 사랑의 도피 썰!🏃‍♀️#유퀴즈온더블럭 | YOU QUIZ ON THE BLOCK EP.344,@물개-b2c,보이스 나홍수계장님 연기 인상깊었습니다❤,1,2026-05-18T08:52:48Z,중립,0.2667
Qqc156oUoIg,[예고] 백상 조연상! 명품 배우 유승목🏆 감격의 수상 순간 비하인드와 아내와의 사랑의 도피 썰!🏃‍♀️#유퀴즈온더블럭 | YOU QUIZ ON THE BLOCK EP.344,@유나-m7b3c,"유승목님 연기의 신 아닌가
이분 나오는거 다 잼남",2,2026-05-18T08:44:34Z,중립,0.2364
Qqc156oUoIg,[예고] 백상 조연상! 명품 배우 유승목🏆 감격의 수상 순간 비하인드와 아내와의 사랑의 도피 썰!🏃‍♀️#유퀴즈온더블럭 | YOU QUIZ ON THE BLOCK EP.344,@가나-m9x5g,와 극중이랑 이미지가 또다르시네 진짜 깔끔하게 잘생기셨구나,3,2026-05-18T08:43:23Z,중립,0.2377
Qqc156oUoIg,[예고] 백상 조연상! 명품 배우 유승목🏆 감격의 수상 순간 비하인드와 아내와의 사랑의 도피 썰!🏃‍♀️#유퀴즈온더블럭 | YOU QUIZ ON THE BLOCK EP.344,@티파니에서아점을,가족계획에서 연기가 정말 인상깊었습니다👍,3,2026-05-18T08:42:26Z,중립,0.0971
Qqc156oUoIg,[예고] 백상 조연상! 명품 배우 유승목🏆 감격의 수상 순간 비하인드와 아내와의 사랑의 도피 썰!🏃‍♀️#유퀴즈온더블럭 | YOU QUIZ ON THE BLOCK EP.344,@bboo3794,"마음이 아름다운 분 같으셔요 
일에 대한 열정과 가족에 대한 사랑.. 그 순수한 마음이 저에게 감동을 줍니다! 앞으로도 승승장구 하시길요❤",3,2026-05-18T08:40:50Z,중립,0.337
Qqc156oUoIg,[예고] 백상 조연상! 명품 배우 유승목🏆 감격의 수상 순간 비하인드와 아내와의 사랑의 도피 썰!🏃‍♀️#유퀴즈온더블럭 | YOU QUIZ ON THE BLOCK EP.344,@donrich5908,모범택시에서  김의성  배우 도와주는 검사역 잘봤습니다,3,2026-05-18T08:37:22Z,중립,0.4926
Qqc156oUoIg,[예고] 백상 조연상! 명품 배우 유승목🏆 감격의 수상 순간 비하인드와 아내와의 사랑의 도피 썰!🏃‍♀️#유퀴즈온더블럭 | YOU QUIZ ON THE BLOCK EP.344,@mino865,일단 일어나서 인사하시는 분들은 된거임. 사람이 된거임.,68,2026-05-18T08:36:21Z,중립,0.0799
Qqc156oUoIg,[예고] 백상 조연상! 명품 배우 유승목🏆 감격의 수상 순간 비하인드와 아내와의 사랑의 도피 썰!🏃‍♀️#유퀴즈온더블럭 | YOU QUIZ ON THE BLOCK EP.344,@배고플땐쑥차,엇! 허수아비 아부지 였군요!! 수상 축하드려요,0,2026-05-18T08:35:25Z,중립,0.2679
Qqc156oUoIg,[예고] 백상 조연상! 명품 배우 유승목🏆 감격의 수상 순간 비하인드와 아내와의 사랑의 도피 썰!🏃‍♀️#유퀴즈온더블럭 | YOU QUIZ ON THE BLOCK EP.344,@이플-w1n,👍 👍 👍 👍 👍 👍 👍 👍,1,2026-05-18T08:34:15Z,중립,0.1921
Qqc156oUoIg,[예고] 백상 조연상! 명품 배우 유승목🏆 감격의 수상 순간 비하인드와 아내와의 사랑의 도피 썰!🏃‍♀️#유퀴즈온더블럭 | YOU QUIZ ON THE BLOCK EP.344,@ASHINTTO,"댓글들 보면 배우님이 참 멋진 배우 인생을 살아오셨구나 느껴지는게 다 인상 깊었던 작품들이 다르다는 것 그 이야기는 어떤 작품에서든 좋은 연기를 보여주셨다는거죠. 
엎으로도 좋은 작품에서 좋은 연기 오래도록 보여주세요❤",3,2026-05-18T08:34:00Z,중립,0.2239
Qqc156oUoIg,[예고] 백상 조연상! 명품 배우 유승목🏆 감격의 수상 순간 비하인드와 아내와의 사랑의 도피 썰!🏃‍♀️#유퀴즈온더블럭 | YOU QUIZ ON THE BLOCK EP.344,@하이0613,"역할에 잘 녹아들어 자연스러운 연기 잘보고있어요 
수상하신거 너무 너무 축하드려요🎉",2,2026-05-18T08:32:58Z,중립,0.2161
Qqc156oUoIg,[예고] 백상 조연상! 명품 배우 유승목🏆 감격의 수상 순간 비하인드와 아내와의 사랑의 도피 썰!🏃‍♀️#유퀴즈온더블럭 | YOU QUIZ ON THE BLOCK EP.344,@논현동지후니,"그치 진짜가 받아야지
달랑한편 말고",1,2026-05-18T08:32:10Z,중립,0.1492
Qqc156oUoIg,[예고] 백상 조연상! 명품 배우 유승목🏆 감격의 수상 순간 비하인드와 아내와의 사랑의 도피 썰!🏃‍♀️#유퀴즈온더블럭 | YOU QUIZ ON THE BLOCK EP.344,@simonk906,승룡이형 이라고 말한게 가장 충격적 ㅋㅋ,1,2026-05-18T08:31:54Z,중립,0.4848
Qqc156oUoIg,[예고] 백상 조연상! 명품 배우 유승목🏆 감격의 수상 순간 비하인드와 아내와의 사랑의 도피 썰!🏃‍♀️#유퀴즈온더블럭 | YOU QUIZ ON THE BLOCK EP.344,@코코코-z3s,"이런분이 늘 우리곁에있는 배우죠
울남편도 공무원 37년차  ...
애들이랑 케잌이라도 사서 축하파티해줘야겠다 ...",20,2026-05-18T08:29:25Z,중립,0.2938
Qqc156oUoIg,[예고] 백상 조연상! 명품 배우 유승목🏆 감격의 수상 순간 비하인드와 아내와의 사랑의 도피 썰!🏃‍♀️#유퀴즈온더블럭 | YOU QUIZ ON THE BLOCK EP.344,@쭈니아부지-j1s,백상무님 기다렸어요...정말 드라마 영화에서 명품조연인데 상을 너무 늦게 받으셨네요...앞으로도 행복하시고 더 멋진 연기 보여 주세요...화이팅!!,1,2026-05-18T08:28:04Z,중립,0.3172
Qqc156oUoIg,[예고] 백상 조연상! 명품 배우 유승목🏆 감격의 수상 순간 비하인드와 아내와의 사랑의 도피 썰!🏃‍♀️#유퀴즈온더블럭 | YOU QUIZ ON THE BLOCK EP.344,@happy-v3q7e,"지금이라도 빛을 보게 되셔서 너무 좋아요!❤
연기가 항상 좋았습니다!😊
앞으로 더 많은 스크린에서 뵙기를 바래요~~
건강하세요!",3,2026-05-18T08:24:37Z,중립,0.1937
Qqc156oUoIg,[예고] 백상 조연상! 명품 배우 유승목🏆 감격의 수상 순간 비하인드와 아내와의 사랑의 도피 썰!🏃‍♀️#유퀴즈온더블럭 | YOU QUIZ ON THE BLOCK EP.344,@ailefuruihui,"제가 유독 좋아하는 드라마나 영화에서 유승목 배우님이 조연으로 나오시더라구요! 그래서 너무 좋아하게 된 배우분인데 상을 처음 받았다는거에 충격이예요,,,그래도 오랫동안 꾸준히 힘내서 배우일 하셔서 이렇게 좋은 상도 받으실 수 있었던거같아요!!이번에 허수아비에서 너무 강렬하게 연기하셔서 안 잊혀졌어요ㅋㅋㅋㅋㅋㅋㅋㅋ유승목 배우님! 제가 막 엄청 좋아해서 나오시는 드라마나 영화 다 찾아볼게요,,,라는 빈말은 못하지만 그래도 항상 좋은 연기 해주실거라고 믿어 의심치 않으니 묵묵히 나오는 프로그램 찾아보면서 조용히 응원하겠습니다!조연상 너무 축하드리고 항상 행복하세요😊",2,2026-05-18T08:20:17Z,중립,0.5851
Qqc156oUoIg,[예고] 백상 조연상! 명품 배우 유승목🏆 감격의 수상 순간 비하인드와 아내와의 사랑의 도피 썰!🏃‍♀️#유퀴즈온더블럭 | YOU QUIZ ON THE BLOCK EP.344,@roughkim9115,뒤늦게 피셨으니 계속 좋은일만 있기를 바랍니다~,1,2026-05-18T08:14:08Z,중립,0.409
Qqc156oUoIg,[예고] 백상 조연상! 명품 배우 유승목🏆 감격의 수상 순간 비하인드와 아내와의 사랑의 도피 썰!🏃‍♀️#유퀴즈온더블럭 | YOU QUIZ ON THE BLOCK EP.344,@완다야-p3u,너무 진심이 느껴져서 무덤덤한 제 맘도 찡해요~~,8,2026-05-18T08:07:38Z,중립,0.1954
Qqc156oUoIg,[예고] 백상 조연상! 명품 배우 유승목🏆 감격의 수상 순간 비하인드와 아내와의 사랑의 도피 썰!🏃‍♀️#유퀴즈온더블럭 | YOU QUIZ ON THE BLOCK EP.344,@bbuueitw991,수상ㅊㅋ드려요,0,2026-05-18T08:03:14Z,중립,0.1094
Qqc156oUoIg,[예고] 백상 조연상! 명품 배우 유승목🏆 감격의 수상 순간 비하인드와 아내와의 사랑의 도피 썰!🏃‍♀️#유퀴즈온더블럭 | YOU QUIZ ON THE BLOCK EP.344,@낭만지구-r3k,👏👏👏,1,2026-05-18T08:00:15Z,중립,0.1094
Qqc156oUoIg,[예고] 백상 조연상! 명품 배우 유승목🏆 감격의 수상 순간 비하인드와 아내와의 사랑의 도피 썰!🏃‍♀️#유퀴즈온더블럭 | YOU QUIZ ON THE BLOCK EP.344,@성민규-x2y,유승목배우님 나오는편  꼭 본방시청하겠습니다~~^^,3,2026-05-18T07:45:23Z,중립,0.2461
Qqc156oUoIg,[예고] 백상 조연상! 명품 배우 유승목🏆 감격의 수상 순간 비하인드와 아내와의 사랑의 도피 썰!🏃‍♀️#유퀴즈온더블럭 | YOU QUIZ ON THE BLOCK EP.344,@jadekim7134,연기를 정말 잘하심… 정말 잘하심,3,2026-05-18T07:36:23Z,중립,0.2269
Qqc156oUoIg,[예고] 백상 조연상! 명품 배우 유승목🏆 감격의 수상 순간 비하인드와 아내와의 사랑의 도피 썰!🏃‍♀️#유퀴즈온더블럭 | YOU QUIZ ON THE BLOCK EP.344,@모하비-i9r,역시 배우는 발성이 좋아야 빛이 남,4,2026-05-18T07:24:39Z,중립,0.4542
Qqc156oUoIg,[예고] 백상 조연상! 명품 배우 유승목🏆 감격의 수상 순간 비하인드와 아내와의 사랑의 도피 썰!🏃‍♀️#유퀴즈온더블럭 | YOU QUIZ ON THE BLOCK EP.344,@나무숲-m4w,"진심으로 축하드립니다.
앞으로도 기대하겠습니다 ~",3,2026-05-18T07:21:46Z,중립,0.4923
Qqc156oUoIg,[예고] 백상 조연상! 명품 배우 유승목🏆 감격의 수상 순간 비하인드와 아내와의 사랑의 도피 썰!🏃‍♀️#유퀴즈온더블럭 | YOU QUIZ ON THE BLOCK EP.344,@saintmichel4089,그려...이게 정상이지...인생이란 게 그런 거야...축하드립니다. 같이 고생한 가족분들에게도!,1,2026-05-18T07:21:36Z,중립,0.7142
Qqc156oUoIg,[예고] 백상 조연상! 명품 배우 유승목🏆 감격의 수상 순간 비하인드와 아내와의 사랑의 도피 썰!🏃‍♀️#유퀴즈온더블럭 | YOU QUIZ ON THE BLOCK EP.344,@kkosamo,너~~무 축하드려요❤,8,2026-05-18T07:07:36Z,중립,0.3198
Qqc156oUoIg,[예고] 백상 조연상! 명품 배우 유승목🏆 감격의 수상 순간 비하인드와 아내와의 사랑의 도피 썰!🏃‍♀️#유퀴즈온더블럭 | YOU QUIZ ON THE BLOCK EP.344,@승바우-b8s,두 딸들아 이 댓글도 보구 있지?  아빠한테 축하드린다고 전해 드려라 ~~^^,2,2026-05-18T07:05:26Z,중립,0.3264
Qqc156oUoIg,[예고] 백상 조연상! 명품 배우 유승목🏆 감격의 수상 순간 비하인드와 아내와의 사랑의 도피 썰!🏃‍♀️#유퀴즈온더블럭 | YOU QUIZ ON THE BLOCK EP.344,@유삶-o7b,동명이인이라.... 옛날부터 응원했는데 상받으시니 제가 더 기분이 좋네요,10,2026-05-18T07:04:54Z,중립,0.4208
Qqc156oUoIg,[예고] 백상 조연상! 명품 배우 유승목🏆 감격의 수상 순간 비하인드와 아내와의 사랑의 도피 썰!🏃‍♀️#유퀴즈온더블럭 | YOU QUIZ ON THE BLOCK EP.344,@mlmmmm-q2t,와~~제가 다 눈물이 나더라구요ㅜㅜ 추카드립니다🎉,14,2026-05-18T06:59:36Z,중립,0.8969
Qqc156oUoIg,[예고] 백상 조연상! 명품 배우 유승목🏆 감격의 수상 순간 비하인드와 아내와의 사랑의 도피 썰!🏃‍♀️#유퀴즈온더블럭 | YOU QUIZ ON THE BLOCK EP.344,@user-jw9oj6rw8c,"연기 너무 잘하세요 
허수아비에 나오신것도 봤어요
앞으로 대상도 타실수 있을겁니다.",1,2026-05-18T06:53:29Z,중립,0.3355
Qqc156oUoIg,[예고] 백상 조연상! 명품 배우 유승목🏆 감격의 수상 순간 비하인드와 아내와의 사랑의 도피 썰!🏃‍♀️#유퀴즈온더블럭 | YOU QUIZ ON THE BLOCK EP.344,@킴희정,"36년 만에 ㅠㅠㅠㅠㅠㅠㅠㅠㅠ얼마나 울컥 하셧을가😢
가족들도 펑펑 울엇을듯 ㅜㅜ기쁨의 눙물😊 보석같은 다이몬드급 배우❤ 항상 늘 행복 하세요. 가족과 늘 꽃길만 걸으세요❤",1,2026-05-18T06:39:29Z,중립,0.3797
Qqc156oUoIg,[예고] 백상 조연상! 명품 배우 유승목🏆 감격의 수상 순간 비하인드와 아내와의 사랑의 도피 썰!🏃‍♀️#유퀴즈온더블럭 | YOU QUIZ ON THE BLOCK EP.344,@lofiman761,킁킁이상무님 넘축하😊,1,2026-05-18T06:38:16Z,중립,0.1051
Qqc156oUoIg,[예고] 백상 조연상! 명품 배우 유승목🏆 감격의 수상 순간 비하인드와 아내와의 사랑의 도피 썰!🏃‍♀️#유퀴즈온더블럭 | YOU QUIZ ON THE BLOCK EP.344,@TV-yr7px,참 연기 잘 해..이 사람..잘 돼서 내가 다 좋네 ㅠㅠ,28,2026-05-18T06:32:12Z,중립,0.2138
Qqc156oUoIg,[예고] 백상 조연상! 명품 배우 유승목🏆 감격의 수상 순간 비하인드와 아내와의 사랑의 도피 썰!🏃‍♀️#유퀴즈온더블럭 | YOU QUIZ ON THE BLOCK EP.344,@디발라궁디차,"여러분 댓글 이뿌게 다세요 
따님들 다 볼거같아요ㅋㅋㅋㅋㅋㅋㅋㅋㅋㅋㅋㅋㅋㅋㅋㅋㅋㅋㅋㅋㅋㅋㅋㅋㅋㅋㅋㅋㅋㅋㅋㅋㅋㅋㅋㅋㅋㅋㅋㅋㅋㅋㅋㅋㅋㅋㅋㅋㅋㅋㅋㅋㅋㅋㅋㅋㅋㅋㅋㅋㅋㅋㅋㅋㅋㅋㅋㅋㅋㅋㅋㅋㅋㅋㅋㅋㅋㅋㅋㅋㅋㅋㅋㅋㅋㅋㅋㅋㅋㅋㅋㅋㅋㅋ",798,2026-05-18T06:31:49Z,중립,0.1736
Qqc156oUoIg,[예고] 백상 조연상! 명품 배우 유승목🏆 감격의 수상 순간 비하인드와 아내와의 사랑의 도피 썰!🏃‍♀️#유퀴즈온더블럭 | YOU QUIZ ON THE BLOCK EP.344,@adjdjshsbjsks,상을 첨 받으셨다는게 놀랍네요 연기천재 중 한분,1,2026-05-18T06:26:31Z,중립,0.58
Qqc156oUoIg,[예고] 백상 조연상! 명품 배우 유승목🏆 감격의 수상 순간 비하인드와 아내와의 사랑의 도피 썰!🏃‍♀️#유퀴즈온더블럭 | YOU QUIZ ON THE BLOCK EP.344,@kuraedio,연기자가 아니라 진짜 상무였다는 그분ㅋㅋㅋㅋㅋ,3,2026-05-18T06:23:31Z,중립,0.2229
Qqc156oUoIg,[예고] 백상 조연상! 명품 배우 유승목🏆 감격의 수상 순간 비하인드와 아내와의 사랑의 도피 썰!🏃‍♀️#유퀴즈온더블럭 | YOU QUIZ ON THE BLOCK EP.344,@지니-r7d4c,축하합니다 ❤🎉🎉,0,2026-05-18T06:19:32Z,중립,0.3136
Qqc156oUoIg,[예고] 백상 조연상! 명품 배우 유승목🏆 감격의 수상 순간 비하인드와 아내와의 사랑의 도피 썰!🏃‍♀️#유퀴즈온더블럭 | YOU QUIZ ON THE BLOCK EP.344,@앨런아이버슨-n9b,무빙에서 킁킁거리는거 아무리 따라해볼려고해도 안되는데 진짜 너무 킁킁거리는거 잘하심,4,2026-05-18T06:19:01Z,중립,0.1645
Qqc156oUoIg,[예고] 백상 조연상! 명품 배우 유승목🏆 감격의 수상 순간 비하인드와 아내와의 사랑의 도피 썰!🏃‍♀️#유퀴즈온더블럭 | YOU QUIZ ON THE BLOCK EP.344,@박순홍-y3h,"36년이란 세월을 버틴것도
대단합니다
앞으로 꽃길만 걷으시길~
물들어올때 모터엔진 돌리자 ㅋ",1,2026-05-18T06:16:08Z,중립,0.0964
Qqc156oUoIg,[예고] 백상 조연상! 명품 배우 유승목🏆 감격의 수상 순간 비하인드와 아내와의 사랑의 도피 썰!🏃‍♀️#유퀴즈온더블럭 | YOU QUIZ ON THE BLOCK EP.344,@Dike_Solied,"예전에 어떤 드라마인지는 모르겠는데 형사? 역할을 하셨던 걸로 기억해요 
너무 연기가 리얼해서 순간 훅 빨려 들어가듯 집중이 되었던적 있었는데 
백상 받으셨군요 36년만 처음이라고 하셔서 놀랐습니다. 
앞으로도 좋은 연기 많이 부탁 드립니다 수상 축하 드립니다~~!!",1,2026-05-18T06:14:10Z,중립,0.3468
Qqc156oUoIg,[예고] 백상 조연상! 명품 배우 유승목🏆 감격의 수상 순간 비하인드와 아내와의 사랑의 도피 썰!🏃‍♀️#유퀴즈온더블럭 | YOU QUIZ ON THE BLOCK EP.344,@오수리-x8c,"다시 한번 축하드립니다👏👏👏🎉🎉❤
승승장구 하세요🙏🙇🏿‍♀️",8,2026-05-18T06:10:18Z,중립,0.192
Qqc156oUoIg,[예고] 백상 조연상! 명품 배우 유승목🏆 감격의 수상 순간 비하인드와 아내와의 사랑의 도피 썰!🏃‍♀️#유퀴즈온더블럭 | YOU QUIZ ON THE BLOCK EP.344,@김하루_K,킁킁이 연기 진짜 패고 싶을 만큼 좋았는데..,0,2026-05-18T06:08:16Z,중립,0.1076
Qqc156oUoIg,[예고] 백상 조연상! 명품 배우 유승목🏆 감격의 수상 순간 비하인드와 아내와의 사랑의 도피 썰!🏃‍♀️#유퀴즈온더블럭 | YOU QUIZ ON THE BLOCK EP.344,@김도현-x2x8u,"그래 좀 이런분들 인정좀 해주자
이름값 말고 연기력으로 오랫동안
증명해오신분들",1,2026-05-18T06:03:01Z,중립,0.1369
Qqc156oUoIg,[예고] 백상 조연상! 명품 배우 유승목🏆 감격의 수상 순간 비하인드와 아내와의 사랑의 도피 썰!🏃‍♀️#유퀴즈온더블럭 | YOU QUIZ ON THE BLOCK EP.344,@꼬물꼬물-d7e,김부장드라마 봤는데 연기가 정말 인상깊었고 너무 자연스러웠습니다.,3,2026-05-18T06:01:20Z,중립,0.4148
Qqc156oUoIg,[예고] 백상 조연상! 명품 배우 유승목🏆 감격의 수상 순간 비하인드와 아내와의 사랑의 도피 썰!🏃‍♀️#유퀴즈온더블럭 | YOU QUIZ ON THE BLOCK EP.344,@underground84100,👏👏👏👏👏👏👏👏,1,2026-05-18T05:57:00Z,중립,0.1094
Qqc156oUoIg,[예고] 백상 조연상! 명품 배우 유승목🏆 감격의 수상 순간 비하인드와 아내와의 사랑의 도피 썰!🏃‍♀️#유퀴즈온더블럭 | YOU QUIZ ON THE BLOCK EP.344,@tatataguguguchichichi,이 아저씨가 무빙 킁킁이 아저씬가,0,2026-05-18T05:54:04Z,중립,0.1215
Qqc156oUoIg,[예고] 백상 조연상! 명품 배우 유승목🏆 감격의 수상 순간 비하인드와 아내와의 사랑의 도피 썰!🏃‍♀️#유퀴즈온더블럭 | YOU QUIZ ON THE BLOCK EP.344,@쮸앙-g3v,갠적으로 자주 보면 몰입이 잘 안되는 배우들도 있는데 이 분은 진짜 자주 나와도 연기가 맛깔나서 그런지 몰입이 잘 됨 앞으로도 롱런하시길,1,2026-05-18T05:38:28Z,중립,0.3121
Qqc156oUoIg,[예고] 백상 조연상! 명품 배우 유승목🏆 감격의 수상 순간 비하인드와 아내와의 사랑의 도피 썰!🏃‍♀️#유퀴즈온더블럭 | YOU QUIZ ON THE BLOCK EP.344,@바이닐홈,좌파의 꿈 유퀴즈 출연,0,2026-05-18T05:33:34Z,중립,0.1152
Qqc156oUoIg,[예고] 백상 조연상! 명품 배우 유승목🏆 감격의 수상 순간 비하인드와 아내와의 사랑의 도피 썰!🏃‍♀️#유퀴즈온더블럭 | YOU QUIZ ON THE BLOCK EP.344,@크크크hj,허수아비도 잘 보고있습니다~수상 축하드려요🎉,1,2026-05-18T05:31:51Z,중립,0.5165
Qqc156oUoIg,[예고] 백상 조연상! 명품 배우 유승목🏆 감격의 수상 순간 비하인드와 아내와의 사랑의 도피 썰!🏃‍♀️#유퀴즈온더블럭 | YOU QUIZ ON THE BLOCK EP.344,@kong_m01,"이런거보면 참 모순이 심하다...
5년전 유재석님 백술대상 수상할때 배우들,영화관계자들 다리꼬고 앉아서 박수치는둥 마는둥 무시하듯이 쳐다보드만

유퀴즈,핑계고 유재석님이 하는 프로에 어떻게든 나가서 홍보좀 해보겠다고 아등바등하는거 보면..참
아직까지도 영화계는 꼴뵈기 싫음",0,2026-05-18T05:23:35Z,중립,0.2069
Qqc156oUoIg,[예고] 백상 조연상! 명품 배우 유승목🏆 감격의 수상 순간 비하인드와 아내와의 사랑의 도피 썰!🏃‍♀️#유퀴즈온더블럭 | YOU QUIZ ON THE BLOCK EP.344,@나는귀여움이로소이다,해무에서 진짜 어부같았어요…ㄷㄷ,1,2026-05-18T05:18:33Z,중립,0.2045
Qqc156oUoIg,[예고] 백상 조연상! 명품 배우 유승목🏆 감격의 수상 순간 비하인드와 아내와의 사랑의 도피 썰!🏃‍♀️#유퀴즈온더블럭 | YOU QUIZ ON THE BLOCK EP.344,@ТномВгошие,참 멋진 배우,6,2026-05-18T05:18:16Z,중립,0.5312
Qqc156oUoIg,[예고] 백상 조연상! 명품 배우 유승목🏆 감격의 수상 순간 비하인드와 아내와의 사랑의 도피 썰!🏃‍♀️#유퀴즈온더블럭 | YOU QUIZ ON THE BLOCK EP.344,@RECONNAISSANCE-scout,유승목 배우님 유퀴즈에 나오셨네,3,2026-05-18T05:16:17Z,중립,0.1765
Qqc156oUoIg,[예고] 백상 조연상! 명품 배우 유승목🏆 감격의 수상 순간 비하인드와 아내와의 사랑의 도피 썰!🏃‍♀️#유퀴즈온더블럭 | YOU QUIZ ON THE BLOCK EP.344,@신장개업-g1c,무빙에서 연기가 최고 였음,0,2026-05-18T05:14:47Z,중립,0.5241
Qqc156oUoIg,[예고] 백상 조연상! 명품 배우 유승목🏆 감격의 수상 순간 비하인드와 아내와의 사랑의 도피 썰!🏃‍♀️#유퀴즈온더블럭 | YOU QUIZ ON THE BLOCK EP.344,@dkrho1755,백상무  용 됐어,0,2026-05-18T05:08:47Z,중립,0.1514
Qqc156oUoIg,[예고] 백상 조연상! 명품 배우 유승목🏆 감격의 수상 순간 비하인드와 아내와의 사랑의 도피 썰!🏃‍♀️#유퀴즈온더블럭 | YOU QUIZ ON THE BLOCK EP.344,@김상민-y4v,1987에서도 연기 좋으셨죠,1,2026-05-18T04:59:07Z,중립,0.1404
Qqc156oUoIg,[예고] 백상 조연상! 명품 배우 유승목🏆 감격의 수상 순간 비하인드와 아내와의 사랑의 도피 썰!🏃‍♀️#유퀴즈온더블럭 | YOU QUIZ ON THE BLOCK EP.344,@SeoulRainMoodKorea,상이 이번이 첨이라는게 진짜 놀랍다 연기력 진짜 좋으신데 무빙에서도 조연으로 좋았는데 왜 상을 안줬는지 참..,61,2026-05-18T04:58:51Z,중립,0.2347
Qqc156oUoIg,[예고] 백상 조연상! 명품 배우 유승목🏆 감격의 수상 순간 비하인드와 아내와의 사랑의 도피 썰!🏃‍♀️#유퀴즈온더블럭 | YOU QUIZ ON THE BLOCK EP.344,@코뭉탱최잔오최진뇨,"""영감님 눈딱감고 도장한번만 찍어주십쇼 끝장나게 모시겠습니다"" 영화 1987중",7,2026-05-18T04:55:04Z,중립,0.0635
Qqc156oUoIg,[예고] 백상 조연상! 명품 배우 유승목🏆 감격의 수상 순간 비하인드와 아내와의 사랑의 도피 썰!🏃‍♀️#유퀴즈온더블럭 | YOU QUIZ ON THE BLOCK EP.344,@리치지젤,연기의 신❤,13,2026-05-18T04:54:58Z,중립,0.7078
Qqc156oUoIg,[예고] 백상 조연상! 명품 배우 유승목🏆 감격의 수상 순간 비하인드와 아내와의 사랑의 도피 썰!🏃‍♀️#유퀴즈온더블럭 | YOU QUIZ ON THE BLOCK EP.344,@리치지젤,"이분은 앞으로도 무조건 잘되어야함❤
무조건 응원합니다",4,2026-05-18T04:54:37Z,중립,0.4088
Qqc156oUoIg,[예고] 백상 조연상! 명품 배우 유승목🏆 감격의 수상 순간 비하인드와 아내와의 사랑의 도피 썰!🏃‍♀️#유퀴즈온더블럭 | YOU QUIZ ON THE BLOCK EP.344,@Queen-of-Laughter,'진심'이 느껴져서 울컥하네요,48,2026-05-18T04:48:00Z,중립,0.7371
Qqc156oUoIg,[예고] 백상 조연상! 명품 배우 유승목🏆 감격의 수상 순간 비하인드와 아내와의 사랑의 도피 썰!🏃‍♀️#유퀴즈온더블럭 | YOU QUIZ ON THE BLOCK EP.344,@하이노0,이 오랜 시간 까지 묵묵히 버텨주신 덕분에 보상 받으신거 같아 저희들도 너무 행복합니다◡̈,1,2026-05-18T04:47:40Z,중립,0.7009
Qqc156oUoIg,[예고] 백상 조연상! 명품 배우 유승목🏆 감격의 수상 순간 비하인드와 아내와의 사랑의 도피 썰!🏃‍♀️#유퀴즈온더블럭 | YOU QUIZ ON THE BLOCK EP.344,@테스토스테론-p1q,경력도 길고 얼굴도 익숙한데 이름 잘 알려진 배우들 잘되는거 보면 뭔가 기분이 좋다. 동네 인사만 하면서 알고지내던 아저씨가 잘된것같은 느낌,1,2026-05-18T04:45:53Z,중립,0.4044
Qqc156oUoIg,[예고] 백상 조연상! 명품 배우 유승목🏆 감격의 수상 순간 비하인드와 아내와의 사랑의 도피 썰!🏃‍♀️#유퀴즈온더블럭 | YOU QUIZ ON THE BLOCK EP.344,@bam_0909,"무빙 킁킁이 아저씨, 가족계획에서 조18씨로 기억함 ㅋㅋㅋ연기 너무 잘하심 ❤",11,2026-05-18T04:41:48Z,중립,0.3266
Qqc156oUoIg,[예고] 백상 조연상! 명품 배우 유승목🏆 감격의 수상 순간 비하인드와 아내와의 사랑의 도피 썰!🏃‍♀️#유퀴즈온더블럭 | YOU QUIZ ON THE BLOCK EP.344,@김정우-i5b4l,이준은 언제나오지?,1,2026-05-18T04:37:58Z,중립,0.4016
Qqc156oUoIg,[예고] 백상 조연상! 명품 배우 유승목🏆 감격의 수상 순간 비하인드와 아내와의 사랑의 도피 썰!🏃‍♀️#유퀴즈온더블럭 | YOU QUIZ ON THE BLOCK EP.344,@소다-v6w,"유승목배우님 정말 축하드려요 🎉 
상줄맛 나는 배우님",11,2026-05-18T04:32:36Z,중립,0.3025
Qqc156oUoIg,[예고] 백상 조연상! 명품 배우 유승목🏆 감격의 수상 순간 비하인드와 아내와의 사랑의 도피 썰!🏃‍♀️#유퀴즈온더블럭 | YOU QUIZ ON THE BLOCK EP.344,@보리-o7j6k,백상은 상을 잘 줘요~^제대로,1,2026-05-18T04:26:19Z,중립,0.2397
Qqc156oUoIg,[예고] 백상 조연상! 명품 배우 유승목🏆 감격의 수상 순간 비하인드와 아내와의 사랑의 도피 썰!🏃‍♀️#유퀴즈온더블럭 | YOU QUIZ ON THE BLOCK EP.344,@박정희-z3d,진짜 너무너무 축하드립니다..울먹이시는데..제가 다  마음이 아프네요~,3,2026-05-18T04:22:29Z,중립,0.1991
Qqc156oUoIg,[예고] 백상 조연상! 명품 배우 유승목🏆 감격의 수상 순간 비하인드와 아내와의 사랑의 도피 썰!🏃‍♀️#유퀴즈온더블럭 | YOU QUIZ ON THE BLOCK EP.344,@사부작삼부작,낙수야 형 유퀴즈 나왔다,2,2026-05-18T04:21:35Z,중립,0.1796
Qqc156oUoIg,[예고] 백상 조연상! 명품 배우 유승목🏆 감격의 수상 순간 비하인드와 아내와의 사랑의 도피 썰!🏃‍♀️#유퀴즈온더블럭 | YOU QUIZ ON THE BLOCK EP.344,@user-pd5tb1kx1s,난 손더게스트,0,2026-05-18T04:19:11Z,중립,0.1793
Qqc156oUoIg,[예고] 백상 조연상! 명품 배우 유승목🏆 감격의 수상 순간 비하인드와 아내와의 사랑의 도피 썰!🏃‍♀️#유퀴즈온더블럭 | YOU QUIZ ON THE BLOCK EP.344,@박작가-h6h,명품 배우😊,10,2026-05-18T04:10:48Z,중립,0.1096
Qqc156oUoIg,[예고] 백상 조연상! 명품 배우 유승목🏆 감격의 수상 순간 비하인드와 아내와의 사랑의 도피 썰!🏃‍♀️#유퀴즈온더블럭 | YOU QUIZ ON THE BLOCK EP.344,@monchichi5362,연기도 별로인 배우들한테 인기+유명세로 상 주는거 개노잼이니까 순수 연기력+작품으로 상 줘라,0,2026-05-18T03:58:45Z,중립,0.2278
Qqc156oUoIg,[예고] 백상 조연상! 명품 배우 유승목🏆 감격의 수상 순간 비하인드와 아내와의 사랑의 도피 썰!🏃‍♀️#유퀴즈온더블럭 | YOU QUIZ ON THE BLOCK EP.344,@퍼플레인1995,"조금 늦게 핀 꽃을 대중들이 알아봤을 뿐.

오래도록 기억되는 배우가 되길.",230,2026-05-18T03:57:21Z,중립,0.2098
Qqc156oUoIg,[예고] 백상 조연상! 명품 배우 유승목🏆 감격의 수상 순간 비하인드와 아내와의 사랑의 도피 썰!🏃‍♀️#유퀴즈온더블럭 | YOU QUIZ ON THE BLOCK EP.344,@KoreaLiveTrends,"연기 너무 잘하심,,,,ㅎㅎ",62,2026-05-18T03:47:19Z,중립,0.41
Qqc156oUoIg,[예고] 백상 조연상! 명품 배우 유승목🏆 감격의 수상 순간 비하인드와 아내와의 사랑의 도피 썰!🏃‍♀️#유퀴즈온더블럭 | YOU QUIZ ON THE BLOCK EP.344,@꼬마세라,"수상소감 영상에 유퀴즈에서 섭외했으면 좋겠다고 댓글 달았었는데 어쩜 이렇게 이 타밍이에 딱! ㅠㅠㅠㅠㅠㅠㅠ
진짜 축하드립니다 ㅠㅠ 이분 진짜 연기 너무 잘하심 ㅠㅠㅠㅠㅠㅠㅠㅠㅠ",4,2026-05-18T03:45:06Z,중립,0.6484
Qqc156oUoIg,[예고] 백상 조연상! 명품 배우 유승목🏆 감격의 수상 순간 비하인드와 아내와의 사랑의 도피 썰!🏃‍♀️#유퀴즈온더블럭 | YOU QUIZ ON THE BLOCK EP.344,@leeksmc9948,인사팀장 배우도 유퀴즈 불러주세요,0,2026-05-18T03:44:32Z,중립,0.1552
Qqc156oUoIg,[예고] 백상 조연상! 명품 배우 유승목🏆 감격의 수상 순간 비하인드와 아내와의 사랑의 도피 썰!🏃‍♀️#유퀴즈온더블럭 | YOU QUIZ ON THE BLOCK EP.344,@송건기,손더게스트에서도 좋았는데,0,2026-05-18T03:44:17Z,중립,0.1963
Qqc156oUoIg,[예고] 백상 조연상! 명품 배우 유승목🏆 감격의 수상 순간 비하인드와 아내와의 사랑의 도피 썰!🏃‍♀️#유퀴즈온더블럭 | YOU QUIZ ON THE BLOCK EP.344,@홀리나이트-w1q,존나 신기한게.. 저렇게 졸라 선하신 분이 악역을 엄청 잘하심... 너무 신기함 ㄷㄷ,588,2026-05-18T03:40:48Z,중립,0.1724
Qqc156oUoIg,[예고] 백상 조연상! 명품 배우 유승목🏆 감격의 수상 순간 비하인드와 아내와의 사랑의 도피 썰!🏃‍♀️#유퀴즈온더블럭 | YOU QUIZ ON THE BLOCK EP.344,@junep317,정말 수상이 백번천번 납득되는 배우. ㅊㅋㅊㅋ,215,2026-05-18T03:35:55Z,중립,0.1645
Qqc156oUoIg,[예고] 백상 조연상! 명품 배우 유승목🏆 감격의 수상 순간 비하인드와 아내와의 사랑의 도피 썰!🏃‍♀️#유퀴즈온더블럭 | YOU QUIZ ON THE BLOCK EP.344,@SupermassiveBH-J,우리 공안부장님은 이딴거 드시면 안되는데~,3,2026-05-18T03:31:39Z,중립,0.2733
Qqc156oUoIg,[예고] 백상 조연상! 명품 배우 유승목🏆 감격의 수상 순간 비하인드와 아내와의 사랑의 도피 썰!🏃‍♀️#유퀴즈온더블럭 | YOU QUIZ ON THE BLOCK EP.344,@jayhyungkim8115,핑계고 시상식이 유행하니까 백상에서 빼버리네요 유재석 님을,1,2026-05-18T03:31:35Z,중립,0.3552
Qqc156oUoIg,[예고] 백상 조연상! 명품 배우 유승목🏆 감격의 수상 순간 비하인드와 아내와의 사랑의 도피 썰!🏃‍♀️#유퀴즈온더블럭 | YOU QUIZ ON THE BLOCK EP.344,@djk567,저 편지는 아직 못보고 계신다고 하셨던것 같은데 유퀴즈에서 처음 읽어보시나보네ㅜㅜ,1,2026-05-18T03:25:31Z,중립,0.2325
Qqc156oUoIg,[예고] 백상 조연상! 명품 배우 유승목🏆 감격의 수상 순간 비하인드와 아내와의 사랑의 도피 썰!🏃‍♀️#유퀴즈온더블럭 | YOU QUIZ ON THE BLOCK EP.344,@sekai04,유승목 배우님 빌런으로 나올 때 넘넘 무서워요~~,2,2026-05-18T03:21:22Z,중립,0.7953
Qqc156oUoIg,[예고] 백상 조연상! 명품 배우 유승목🏆 감격의 수상 순간 비하인드와 아내와의 사랑의 도피 썰!🏃‍♀️#유퀴즈온더블럭 | YOU QUIZ ON THE BLOCK EP.344,@성하춘-u3i,연기 정말 대단하세요!!!,5,2026-05-18T03:21:10Z,중립,0.394
Qqc156oUoIg,[예고] 백상 조연상! 명품 배우 유승목🏆 감격의 수상 순간 비하인드와 아내와의 사랑의 도피 썰!🏃‍♀️#유퀴즈온더블럭 | YOU QUIZ ON THE BLOCK EP.344,@hojinoh2181,너무 좋다 축하합니다!!!,13,2026-05-18T03:18:27Z,중립,0.3759
Qqc156oUoIg,[예고] 백상 조연상! 명품 배우 유승목🏆 감격의 수상 순간 비하인드와 아내와의 사랑의 도피 썰!🏃‍♀️#유퀴즈온더블럭 | YOU QUIZ ON THE BLOCK EP.344,@지연김-r2q,ㅋㅋㅋ 이런 발빠른 섭외력!!!! 굿입니다,110,2026-05-18T03:17:01Z,중립,0.3753
jDrjltXoc1c,낙엽 속 돌멩이가 천년 유물?! 눈썰미 하나로 찾아낸 ‘금강역사상’의 마지막 조각🕵🏻‍♂️ #유퀴즈온더블럭 | YOU QUIZ ON THE BLOCK EP.344,@NightEast,진짜 인디아나 태웅이네 ㅎㄷㄷㄷ,0,2026-05-18T00:40:44Z,중립,0.145
x6sPHovb0kw,"정연이 가장 힘들었던 시절, 항상 옆에서 버팀목이 되어준 공승연 #유퀴즈온더블럭 | YOU QUIZ ON THE BLOCK EP.344",@ok_sunbi,"공승연은 진짜 예전부터 안 빼고 열심히 하는 게 보여서 마음이 가는 배우
크고 작은 배역을 떠나서 극의 자신이 얼마가 들든 마음에 들면 역에 나서며 다작을 하는 게 마냥 이쁘장한 캐릭터만 하지 않는 게 장점",17,2026-05-18T09:52:20Z,중립,0.2521
x6sPHovb0kw,"정연이 가장 힘들었던 시절, 항상 옆에서 버팀목이 되어준 공승연 #유퀴즈온더블럭 | YOU QUIZ ON THE BLOCK EP.344",@hyosunpark6376,자매가 어찌저리 다 예쁘냐,16,2026-05-18T06:10:37Z,중립,0.6647
x6sPHovb0kw,"정연이 가장 힘들었던 시절, 항상 옆에서 버팀목이 되어준 공승연 #유퀴즈온더블럭 | YOU QUIZ ON THE BLOCK EP.344",@lwkgogo,미안해에서 눈물샘 터지네 😂😂😂,8,2026-05-18T04:08:54Z,중립,0.7727
x6sPHovb0kw,"정연이 가장 힘들었던 시절, 항상 옆에서 버팀목이 되어준 공승연 #유퀴즈온더블럭 | YOU QUIZ ON THE BLOCK EP.344",@gogodolgorae,정연이 미안하다고 하는거 듣자마자 눈물이 왈칵 쏟아짐 언니는 정연 본인 스스로 조차도 눈치채지 못 했던 건강문제를 알아차리고 바로 병원에 데려가고 챙겨주고 돌봐주고 동생은 그 마음이 너무 고맙고 미안하고,16,2026-05-18T02:59:05Z,중립,0.4391
x6sPHovb0kw,"정연이 가장 힘들었던 시절, 항상 옆에서 버팀목이 되어준 공승연 #유퀴즈온더블럭 | YOU QUIZ ON THE BLOCK EP.344",@이해이-o6u,휴지 주섬주섬 귀여움ㅋㅋㅋㅋㅋㅋ,20,2026-05-18T02:36:22Z,중립,0.5688
x6sPHovb0kw,"정연이 가장 힘들었던 시절, 항상 옆에서 버팀목이 되어준 공승연 #유퀴즈온더블럭 | YOU QUIZ ON THE BLOCK EP.344",@shijlx,"정연아, 너는 케이팝에서 가장 강하고 아름다운 천사야. 🥹💚 늘 영감을 줘서 고마워. 평생 네 곁에서 응원할게! 너 같은 사람은 세상에 없어.",4,2026-05-17T21:07:16Z,중립,0.2454
x6sPHovb0kw,"정연이 가장 힘들었던 시절, 항상 옆에서 버팀목이 되어준 공승연 #유퀴즈온더블럭 | YOU QUIZ ON THE BLOCK EP.344",@bbuueitw991,정연아 항상 행복해야됭 아프지망,0,2026-05-17T20:03:42Z,중립,0.1884
x6sPHovb0kw,"정연이 가장 힘들었던 시절, 항상 옆에서 버팀목이 되어준 공승연 #유퀴즈온더블럭 | YOU QUIZ ON THE BLOCK EP.344",@s01020s,너무 예쁜 유자매~ 아프지말자ㅜ,12,2026-05-17T18:51:13Z,중립,0.2944
x6sPHovb0kw,"정연이 가장 힘들었던 시절, 항상 옆에서 버팀목이 되어준 공승연 #유퀴즈온더블럭 | YOU QUIZ ON THE BLOCK EP.344",@movinghappiness,"너무나도 아름다운 자매들의 더 아름다운 애정..
두분 응원합니다",27,2026-05-17T17:49:05Z,중립,0.4971
x6sPHovb0kw,"정연이 가장 힘들었던 시절, 항상 옆에서 버팀목이 되어준 공승연 #유퀴즈온더블럭 | YOU QUIZ ON THE BLOCK EP.344",@awesome_z1,아이돌의 뜻이?,0,2026-05-17T14:37:50Z,중립,0.1816
x6sPHovb0kw,"정연이 가장 힘들었던 시절, 항상 옆에서 버팀목이 되어준 공승연 #유퀴즈온더블럭 | YOU QUIZ ON THE BLOCK EP.344",@sopiaarrd,자매가 최고,7,2026-05-17T13:15:53Z,중립,0.506
x6sPHovb0kw,"정연이 가장 힘들었던 시절, 항상 옆에서 버팀목이 되어준 공승연 #유퀴즈온더블럭 | YOU QUIZ ON THE BLOCK EP.344",@jetoledoartOT9,Yoo sisters i love you ,3,2026-05-17T12:59:05Z,중립,0.1634
x6sPHovb0kw,"정연이 가장 힘들었던 시절, 항상 옆에서 버팀목이 되어준 공승연 #유퀴즈온더블럭 | YOU QUIZ ON THE BLOCK EP.344",@AndrewKim-y1b,아무리 발로 눈 터뜨리고(?) 해도 가족은 가족이네욬ㅋㅋㅋㅋㅋㅋㅋㅋ,68,2026-05-17T12:24:03Z,중립,0.1078
x6sPHovb0kw,"정연이 가장 힘들었던 시절, 항상 옆에서 버팀목이 되어준 공승연 #유퀴즈온더블럭 | YOU QUIZ ON THE BLOCK EP.344",@unstopableLee,육룡이나르샤로 알게된 공승연 배우!! 항상 응원합니다!!!!!!,9,2026-05-17T11:46:08Z,중립,0.372
x6sPHovb0kw,"정연이 가장 힘들었던 시절, 항상 옆에서 버팀목이 되어준 공승연 #유퀴즈온더블럭 | YOU QUIZ ON THE BLOCK EP.344",@Aptttttaa,둘다 이쁘고 애들이 참 편안해 보여 ㅎㅎㅎ,23,2026-05-17T11:40:28Z,중립,0.546
x6sPHovb0kw,"정연이 가장 힘들었던 시절, 항상 옆에서 버팀목이 되어준 공승연 #유퀴즈온더블럭 | YOU QUIZ ON THE BLOCK EP.344",@blue_bluesky-v9d,승연 정연 자매 아프지말고 행복만 해ㅠㅠㅠㅠㅠ,34,2026-05-17T11:33:29Z,중립,0.2287
x6sPHovb0kw,"정연이 가장 힘들었던 시절, 항상 옆에서 버팀목이 되어준 공승연 #유퀴즈온더블럭 | YOU QUIZ ON THE BLOCK EP.344",@tosy1597,❤️,5,2026-05-17T11:16:58Z,중립,0.1747
x6sPHovb0kw,"정연이 가장 힘들었던 시절, 항상 옆에서 버팀목이 되어준 공승연 #유퀴즈온더블럭 | YOU QUIZ ON THE BLOCK EP.344",@김미김미-o8f,이 자매 닮은줄 몰랐는데 정연이가 나이가 한살씩 먹으면 먹을수록 닮아가는 느낌.,65,2026-05-17T10:37:29Z,중립,0.2221
x6sPHovb0kw,"정연이 가장 힘들었던 시절, 항상 옆에서 버팀목이 되어준 공승연 #유퀴즈온더블럭 | YOU QUIZ ON THE BLOCK EP.344",@구독좋아요-d2c,"정연이는 초창기에 걸크러쉬 컨셉을 잘못 잡았지
팀에서 제일 에겐녀인데",12,2026-05-17T09:27:41Z,중립,0.2291
x6sPHovb0kw,"정연이 가장 힘들었던 시절, 항상 옆에서 버팀목이 되어준 공승연 #유퀴즈온더블럭 | YOU QUIZ ON THE BLOCK EP.344",@Elfangor-Sirinial-Shamtul,"Even at the time, I was curious as to why Jeongyeon had decided to move in with her sister. But looking back it makes perfect sense. Sometimes when we are struggling the face we want to see most to help us through is the family that we have had with us throughout our entire life. I'm really thankful that Jeongyeon has an unnie with such a beautiful heart. 💚",10,2026-05-17T08:42:14Z,중립,0.0666
x6sPHovb0kw,"정연이 가장 힘들었던 시절, 항상 옆에서 버팀목이 되어준 공승연 #유퀴즈온더블럭 | YOU QUIZ ON THE BLOCK EP.344",@eunchoi7561,정연이 힘든시기에 항상 열심히 응원하던 원스 입니다~~ 요즘 즐기며 콘서트 하는 모습을 보면 덩달아 행복합니다~😊💚,38,2026-05-17T07:45:03Z,중립,0.5131
x6sPHovb0kw,"정연이 가장 힘들었던 시절, 항상 옆에서 버팀목이 되어준 공승연 #유퀴즈온더블럭 | YOU QUIZ ON THE BLOCK EP.344",@斉-f2n,ジョンヨンちゃん愛してるよ😭,14,2026-05-17T07:20:36Z,중립,0.1158
x6sPHovb0kw,"정연이 가장 힘들었던 시절, 항상 옆에서 버팀목이 되어준 공승연 #유퀴즈온더블럭 | YOU QUIZ ON THE BLOCK EP.344",@denmarthe,English translation pelase,7,2026-05-17T07:14:40Z,중립,0.1898
x6sPHovb0kw,"정연이 가장 힘들었던 시절, 항상 옆에서 버팀목이 되어준 공승연 #유퀴즈온더블럭 | YOU QUIZ ON THE BLOCK EP.344",@User-j4n1u,사람 오열시키기 충분한 2분..ㅠㅠ 둘한테 너무 고맙다 끝내 이겨낸 정연이나 언니랑 같이 살자라고 말해준 승연이나,212,2026-05-17T06:46:43Z,중립,0.3495
x6sPHovb0kw,"정연이 가장 힘들었던 시절, 항상 옆에서 버팀목이 되어준 공승연 #유퀴즈온더블럭 | YOU QUIZ ON THE BLOCK EP.344",@hys501ss,공승연 원래부터 연기 잘했었지만 이번에 잘 연기력 더 인정 받아서 너무 좋음,311,2026-05-17T06:42:56Z,중립,0.4116
x6sPHovb0kw,"정연이 가장 힘들었던 시절, 항상 옆에서 버팀목이 되어준 공승연 #유퀴즈온더블럭 | YOU QUIZ ON THE BLOCK EP.344",@세호-v2q,완쾌해서 다행이다,162,2026-05-17T06:29:21Z,중립,0.7586
x6sPHovb0kw,"정연이 가장 힘들었던 시절, 항상 옆에서 버팀목이 되어준 공승연 #유퀴즈온더블럭 | YOU QUIZ ON THE BLOCK EP.344",@Wrumpy,JEONGYEON,6,2026-05-17T06:09:08Z,중립,0.245
x6sPHovb0kw,"정연이 가장 힘들었던 시절, 항상 옆에서 버팀목이 되어준 공승연 #유퀴즈온더블럭 | YOU QUIZ ON THE BLOCK EP.344",@별랑이-g9m,넘 예쁜 자매다..ㅠ,91,2026-05-17T05:31:38Z,중립,0.1515
x6sPHovb0kw,"정연이 가장 힘들었던 시절, 항상 옆에서 버팀목이 되어준 공승연 #유퀴즈온더블럭 | YOU QUIZ ON THE BLOCK EP.344",@kyipyar5891,Awwwwn my brave girl JEONGYEON 🥺💚,13,2026-05-17T05:30:43Z,중립,0.2203
x6sPHovb0kw,"정연이 가장 힘들었던 시절, 항상 옆에서 버팀목이 되어준 공승연 #유퀴즈온더블럭 | YOU QUIZ ON THE BLOCK EP.344",@앞니요정,🥰,6,2026-05-17T05:15:03Z,중립,0.1094
x6sPHovb0kw,"정연이 가장 힘들었던 시절, 항상 옆에서 버팀목이 되어준 공승연 #유퀴즈온더블럭 | YOU QUIZ ON THE BLOCK EP.344",@코뭉탱최잔오최진뇨,공황왔었던 정여니 ㅠㅠ,53,2026-05-17T05:02:47Z,중립,0.1333
Vxo4vvMLxlM,&quot;내가 성공하지 못하면 가족들이 고통받을 테니까...&quot; #유퀴즈온더블럭 | YOU QUIZ ON THE BLOCK EP.344,@wuj4750,비는 공부했으면 서울대도 갔을 듯 즉 뭘해도 성공할 사람,1,2026-05-18T07:31:07Z,중립,0.283
Vxo4vvMLxlM,&quot;내가 성공하지 못하면 가족들이 고통받을 테니까...&quot; #유퀴즈온더블럭 | YOU QUIZ ON THE BLOCK EP.344,@희야-t9x,"제가 사랑하는 두분❤
유느님❤비님
사랑합니다~❤❤❤",2,2026-05-17T09:10:13Z,중립,0.5043
Vxo4vvMLxlM,&quot;내가 성공하지 못하면 가족들이 고통받을 테니까...&quot; #유퀴즈온더블럭 | YOU QUIZ ON THE BLOCK EP.344,@minmn,멋진 비님 항상 응원하게 됩니다~,4,2026-05-17T06:12:43Z,중립,0.3075
Vxo4vvMLxlM,&quot;내가 성공하지 못하면 가족들이 고통받을 테니까...&quot; #유퀴즈온더블럭 | YOU QUIZ ON THE BLOCK EP.344,@rainB._.,그때의 독기와 치열한 노력이 있었기에 한결같이 빛나는 오빠가 있는 것 같아요 이런 오빠의 오랜 팬이라는 게 너무 고마워요❤,5,2026-05-17T05:40:32Z,중립,0.6733
weSjHVCMZ20,시상식은 늘 나와 먼 이야기라 생각했던 승목이 &#39;36년 만에 첫 수상&#39;을 하기까지✨ #유퀴즈온더블럭 | YOU QUIZ ON THE BLOCK EP.344,@마들렌-o8j,👍👍👍👍👍👏👏👏👏👏👏💯,0,2026-05-19T03:00:55Z,중립,0.1094
weSjHVCMZ20,시상식은 늘 나와 먼 이야기라 생각했던 승목이 &#39;36년 만에 첫 수상&#39;을 하기까지✨ #유퀴즈온더블럭 | YOU QUIZ ON THE BLOCK EP.344,@janecook9928,정말 대단하네요  항상 응원할께요 ~,0,2026-05-18T11:55:29Z,중립,0.3372
weSjHVCMZ20,시상식은 늘 나와 먼 이야기라 생각했던 승목이 &#39;36년 만에 첫 수상&#39;을 하기까지✨ #유퀴즈온더블럭 | YOU QUIZ ON THE BLOCK EP.344,@찐-y4n,"계속 제 눈 안에
계시던 배우셨어요
계속 응원할래요!!!",1,2026-05-18T11:49:57Z,중립,0.2275
weSjHVCMZ20,시상식은 늘 나와 먼 이야기라 생각했던 승목이 &#39;36년 만에 첫 수상&#39;을 하기까지✨ #유퀴즈온더블럭 | YOU QUIZ ON THE BLOCK EP.344,@Zion_universe,무빙이 진짜 인상깊었는데.. 좋은일로보게되어 좋습니다,0,2026-05-18T07:35:34Z,중립,0.3467
weSjHVCMZ20,시상식은 늘 나와 먼 이야기라 생각했던 승목이 &#39;36년 만에 첫 수상&#39;을 하기까지✨ #유퀴즈온더블럭 | YOU QUIZ ON THE BLOCK EP.344,@7r7fu,핑계고서 꼭보고싶어용~😂😂,0,2026-05-18T04:34:37Z,중립,0.2362
weSjHVCMZ20,시상식은 늘 나와 먼 이야기라 생각했던 승목이 &#39;36년 만에 첫 수상&#39;을 하기까지✨ #유퀴즈온더블럭 | YOU QUIZ ON THE BLOCK EP.344,@77succeed,"축하드립니다.
앞으로 승승장구 하세요^^🎉",1,2026-05-18T03:49:14Z,중립,0.3611
weSjHVCMZ20,시상식은 늘 나와 먼 이야기라 생각했던 승목이 &#39;36년 만에 첫 수상&#39;을 하기까지✨ #유퀴즈온더블럭 | YOU QUIZ ON THE BLOCK EP.344,@리줄-j6j,👍🏻👍🏻👍🏻👍🏻👍🏻 진짜 연기잘하는 분이 받아서 요번 백상 칭찬해요,1,2026-05-18T03:42:01Z,중립,0.3491
weSjHVCMZ20,시상식은 늘 나와 먼 이야기라 생각했던 승목이 &#39;36년 만에 첫 수상&#39;을 하기까지✨ #유퀴즈온더블럭 | YOU QUIZ ON THE BLOCK EP.344,@jo-tn4um,진짜축하드립니다❤,3,2026-05-17T21:51:25Z,중립,0.4973
weSjHVCMZ20,시상식은 늘 나와 먼 이야기라 생각했던 승목이 &#39;36년 만에 첫 수상&#39;을 하기까지✨ #유퀴즈온더블럭 | YOU QUIZ ON THE BLOCK EP.344,@정밍크,유승목님~ 축하드립니다 홧팅,4,2026-05-17T20:33:36Z,중립,0.4355
weSjHVCMZ20,시상식은 늘 나와 먼 이야기라 생각했던 승목이 &#39;36년 만에 첫 수상&#39;을 하기까지✨ #유퀴즈온더블럭 | YOU QUIZ ON THE BLOCK EP.344,@행복만땅-p7g,"배우님. 앞으로 승승장구하시길 바랍니다. 드라마,영화감독님들 명품배우 유승목님 많이 많이 불러주세요!!!",4,2026-05-17T13:56:04Z,중립,0.2876
weSjHVCMZ20,시상식은 늘 나와 먼 이야기라 생각했던 승목이 &#39;36년 만에 첫 수상&#39;을 하기까지✨ #유퀴즈온더블럭 | YOU QUIZ ON THE BLOCK EP.344,@msb8681,"킹덤에서도 잘하셨어서 눈에 띄었는데, 너무너무 축하드려요 🎉",2,2026-05-17T13:39:32Z,중립,0.3296
weSjHVCMZ20,시상식은 늘 나와 먼 이야기라 생각했던 승목이 &#39;36년 만에 첫 수상&#39;을 하기까지✨ #유퀴즈온더블럭 | YOU QUIZ ON THE BLOCK EP.344,@여기요김해,상🎉복🎉터졌습니다.❤❤,5,2026-05-17T12:54:42Z,중립,0.1285
weSjHVCMZ20,시상식은 늘 나와 먼 이야기라 생각했던 승목이 &#39;36년 만에 첫 수상&#39;을 하기까지✨ #유퀴즈온더블럭 | YOU QUIZ ON THE BLOCK EP.344,@또치-k3v,이런분들이 앞으로 많이 기회가 주어지길....🎉,15,2026-05-17T12:25:13Z,중립,0.0869
weSjHVCMZ20,시상식은 늘 나와 먼 이야기라 생각했던 승목이 &#39;36년 만에 첫 수상&#39;을 하기까지✨ #유퀴즈온더블럭 | YOU QUIZ ON THE BLOCK EP.344,@신선자-p3d,앞으로. 더더더 좋은일들이. 생길거예요,7,2026-05-17T11:52:09Z,중립,0.2825
weSjHVCMZ20,시상식은 늘 나와 먼 이야기라 생각했던 승목이 &#39;36년 만에 첫 수상&#39;을 하기까지✨ #유퀴즈온더블럭 | YOU QUIZ ON THE BLOCK EP.344,@5늘부터1일,"한번도  없었나는거에  더 놀라울뿐이다...
정말  개깜놀이에요
앞으로 화이팅입니다.🎉🎉🎉🎉",36,2026-05-17T09:42:34Z,중립,0.2583
weSjHVCMZ20,시상식은 늘 나와 먼 이야기라 생각했던 승목이 &#39;36년 만에 첫 수상&#39;을 하기까지✨ #유퀴즈온더블럭 | YOU QUIZ ON THE BLOCK EP.344,@Isu_미로,무빙 교장 선생님 아직도 못잊습니다 앞으로도 더욱 성장하시는 배우님이 되시기를 바랍니다.,19,2026-05-17T09:41:25Z,중립,0.7332
weSjHVCMZ20,시상식은 늘 나와 먼 이야기라 생각했던 승목이 &#39;36년 만에 첫 수상&#39;을 하기까지✨ #유퀴즈온더블럭 | YOU QUIZ ON THE BLOCK EP.344,@몽실-c7o,승승장구 하세요 🎉,10,2026-05-17T09:28:51Z,중립,0.2072
weSjHVCMZ20,시상식은 늘 나와 먼 이야기라 생각했던 승목이 &#39;36년 만에 첫 수상&#39;을 하기까지✨ #유퀴즈온더블럭 | YOU QUIZ ON THE BLOCK EP.344,@천방지축멍토리,축하합니다 수상소감 감동이였습니다,11,2026-05-17T07:24:56Z,중립,0.5778
weSjHVCMZ20,시상식은 늘 나와 먼 이야기라 생각했던 승목이 &#39;36년 만에 첫 수상&#39;을 하기까지✨ #유퀴즈온더블럭 | YOU QUIZ ON THE BLOCK EP.344,@Tree15710,축하드려요~🎉  승승장구하시길~!,20,2026-05-17T07:06:50Z,중립,0.3962
weSjHVCMZ20,시상식은 늘 나와 먼 이야기라 생각했던 승목이 &#39;36년 만에 첫 수상&#39;을 하기까지✨ #유퀴즈온더블럭 | YOU QUIZ ON THE BLOCK EP.344,@호롤로로,처음 수상이 백상!!!!너무축하드립니다~🎉🎉🎉🎉,34,2026-05-17T06:43:35Z,중립,0.5274
weSjHVCMZ20,시상식은 늘 나와 먼 이야기라 생각했던 승목이 &#39;36년 만에 첫 수상&#39;을 하기까지✨ #유퀴즈온더블럭 | YOU QUIZ ON THE BLOCK EP.344,@시나브루,승승장구하시길🎉🎉🎉,19,2026-05-17T06:25:35Z,중립,0.1094
weSjHVCMZ20,시상식은 늘 나와 먼 이야기라 생각했던 승목이 &#39;36년 만에 첫 수상&#39;을 하기까지✨ #유퀴즈온더블럭 | YOU QUIZ ON THE BLOCK EP.344,@만복운흥72,보이스때부터 팬입니다 축하합니다,31,2026-05-17T05:58:42Z,중립,0.3585
weSjHVCMZ20,시상식은 늘 나와 먼 이야기라 생각했던 승목이 &#39;36년 만에 첫 수상&#39;을 하기까지✨ #유퀴즈온더블럭 | YOU QUIZ ON THE BLOCK EP.344,@적극적인휴식,빛나는 배우🎉,44,2026-05-17T05:10:01Z,중립,0.3264
weSjHVCMZ20,시상식은 늘 나와 먼 이야기라 생각했던 승목이 &#39;36년 만에 첫 수상&#39;을 하기까지✨ #유퀴즈온더블럭 | YOU QUIZ ON THE BLOCK EP.344,@Kingofrent,정말 앞으로가 기대됩니다.,66,2026-05-17T05:08:53Z,중립,0.1977
weSjHVCMZ20,시상식은 늘 나와 먼 이야기라 생각했던 승목이 &#39;36년 만에 첫 수상&#39;을 하기까지✨ #유퀴즈온더블럭 | YOU QUIZ ON THE BLOCK EP.344,@Kingofrent,정말 앞으로가 기대됩니다!!,27,2026-05-17T05:08:09Z,중립,0.2272
NhHjvPTcSCo,칭찬과 찜쪄먹기(?)를 넘나드는 유두래곤 X 섭서비의 티키타카🤣 #유퀴즈온더블럭 | YOU QUIZ ON THE BLOCK EP.344,@건물주-d3t,진짜 머리털 이식이 좋구만,1,2026-05-19T03:33:27Z,중립,0.251
NhHjvPTcSCo,칭찬과 찜쪄먹기(?)를 넘나드는 유두래곤 X 섭서비의 티키타카🤣 #유퀴즈온더블럭 | YOU QUIZ ON THE BLOCK EP.344,@쩡쓰-r5d,졸라 커 머리,0,2026-05-19T03:08:42Z,중립,0.0989
NhHjvPTcSCo,칭찬과 찜쪄먹기(?)를 넘나드는 유두래곤 X 섭서비의 티키타카🤣 #유퀴즈온더블럭 | YOU QUIZ ON THE BLOCK EP.344,@tiritiri-i2r,짤라 붙이는게 오히려 자연스럽네ㅜㅋㅋㅋ,0,2026-05-19T02:42:21Z,중립,0.1434
NhHjvPTcSCo,칭찬과 찜쪄먹기(?)를 넘나드는 유두래곤 X 섭서비의 티키타카🤣 #유퀴즈온더블럭 | YOU QUIZ ON THE BLOCK EP.344,@촌동네,비 이효리 유재석  그룹  노래 안나오냐용,0,2026-05-19T02:18:03Z,중립,0.6044
NhHjvPTcSCo,칭찬과 찜쪄먹기(?)를 넘나드는 유두래곤 X 섭서비의 티키타카🤣 #유퀴즈온더블럭 | YOU QUIZ ON THE BLOCK EP.344,@hyohyoshu,비 옆에 있으니까 유재석 팅커벨 같냐 왜 ㅋㅋㅋㅋ 요정미 ㅋㅋ,0,2026-05-19T02:15:22Z,중립,0.3245
NhHjvPTcSCo,칭찬과 찜쪄먹기(?)를 넘나드는 유두래곤 X 섭서비의 티키타카🤣 #유퀴즈온더블럭 | YOU QUIZ ON THE BLOCK EP.344,@patraschu,싹쓰리 그립당,0,2026-05-19T02:09:21Z,중립,0.1566
NhHjvPTcSCo,칭찬과 찜쪄먹기(?)를 넘나드는 유두래곤 X 섭서비의 티키타카🤣 #유퀴즈온더블럭 | YOU QUIZ ON THE BLOCK EP.344,@라이언산타6452,유잭석50키로정도나가나,0,2026-05-19T01:56:49Z,중립,0.0693
NhHjvPTcSCo,칭찬과 찜쪄먹기(?)를 넘나드는 유두래곤 X 섭서비의 티키타카🤣 #유퀴즈온더블럭 | YOU QUIZ ON THE BLOCK EP.344,@라이언산타6452,등치가 뭔데,0,2026-05-19T01:56:31Z,중립,0.0744
NhHjvPTcSCo,칭찬과 찜쪄먹기(?)를 넘나드는 유두래곤 X 섭서비의 티키타카🤣 #유퀴즈온더블럭 | YOU QUIZ ON THE BLOCK EP.344,@jaykim736,사냥개들 그거 때문에 운동 열심히 하신게 티나네요 ㅎㅎ,0,2026-05-19T01:53:50Z,중립,0.2506
NhHjvPTcSCo,칭찬과 찜쪄먹기(?)를 넘나드는 유두래곤 X 섭서비의 티키타카🤣 #유퀴즈온더블럭 | YOU QUIZ ON THE BLOCK EP.344,@슬로우라이프-x2w,비 거인이야?,0,2026-05-19T01:17:31Z,중립,0.1143
NhHjvPTcSCo,칭찬과 찜쪄먹기(?)를 넘나드는 유두래곤 X 섭서비의 티키타카🤣 #유퀴즈온더블럭 | YOU QUIZ ON THE BLOCK EP.344,@kkkkk_haha,먼가..등치 차이가 데스노트에 나온 사신과 주인공 느낌,0,2026-05-19T01:12:45Z,중립,0.0933
NhHjvPTcSCo,칭찬과 찜쪄먹기(?)를 넘나드는 유두래곤 X 섭서비의 티키타카🤣 #유퀴즈온더블럭 | YOU QUIZ ON THE BLOCK EP.344,@왔다가요,유퀴즈보면 항상 보이는거 유재석님의 머리스타일 ㅋㅋ 가끔 가발아닌가 싶기도하다..ㅋㅋㅋㅋㅋㅋㅋ,0,2026-05-19T01:05:17Z,중립,0.3919
NhHjvPTcSCo,칭찬과 찜쪄먹기(?)를 넘나드는 유두래곤 X 섭서비의 티키타카🤣 #유퀴즈온더블럭 | YOU QUIZ ON THE BLOCK EP.344,@우기-c4p,"한달전에 키즈 카페에서 비 봤는데 겁나 컸음...
월드스타 답게 멋졌음...",0,2026-05-19T01:01:08Z,중립,0.2898
NhHjvPTcSCo,칭찬과 찜쪄먹기(?)를 넘나드는 유두래곤 X 섭서비의 티키타카🤣 #유퀴즈온더블럭 | YOU QUIZ ON THE BLOCK EP.344,@darongworld-d2m,싹쓰리 또 가즈아~,0,2026-05-19T00:41:59Z,중립,0.5951
NhHjvPTcSCo,칭찬과 찜쪄먹기(?)를 넘나드는 유두래곤 X 섭서비의 티키타카🤣 #유퀴즈온더블럭 | YOU QUIZ ON THE BLOCK EP.344,@에몽파워,이광수느낌나네 비,0,2026-05-19T00:36:43Z,중립,0.319
NhHjvPTcSCo,칭찬과 찜쪄먹기(?)를 넘나드는 유두래곤 X 섭서비의 티키타카🤣 #유퀴즈온더블럭 | YOU QUIZ ON THE BLOCK EP.344,@azack79,비가 훨 앞으로 나와있는 건가? 아님 둘이 체격 차이가 큰건가?,0,2026-05-19T00:22:24Z,중립,0.3479
NhHjvPTcSCo,칭찬과 찜쪄먹기(?)를 넘나드는 유두래곤 X 섭서비의 티키타카🤣 #유퀴즈온더블럭 | YOU QUIZ ON THE BLOCK EP.344,@청학동-v8b,"난 저게.나란히~~  앉은건가..의심됨!!! 
본방좀 봐이지!!!  너무 궁금해!!!!!~~~~😅😅😂😂😢😢",0,2026-05-19T00:07:43Z,중립,0.1341
NhHjvPTcSCo,칭찬과 찜쪄먹기(?)를 넘나드는 유두래곤 X 섭서비의 티키타카🤣 #유퀴즈온더블럭 | YOU QUIZ ON THE BLOCK EP.344,@윤재영-w9i,비한테 설치지마라고 할사람이 누가 있겠냐고ㅋㅋㅋㅋㅋ,0,2026-05-18T23:57:01Z,중립,0.18
NhHjvPTcSCo,칭찬과 찜쪄먹기(?)를 넘나드는 유두래곤 X 섭서비의 티키타카🤣 #유퀴즈온더블럭 | YOU QUIZ ON THE BLOCK EP.344,@user-ionwujz,아부.. 사회생활... 네 유재석 제발 정신 차려서 공산주의 극좌파 사상에서 빠져나왔으면 좋겠다. 진짜 본인이 먹고 사는게 자유민주주의덕분인데 사회주의를 왜 지지하고 자빠지는 거야,0,2026-05-18T23:37:31Z,중립,0.194
NhHjvPTcSCo,칭찬과 찜쪄먹기(?)를 넘나드는 유두래곤 X 섭서비의 티키타카🤣 #유퀴즈온더블럭 | YOU QUIZ ON THE BLOCK EP.344,@지승짱-b8k,싹쓰리 돌아와주세요...😊,0,2026-05-18T23:11:00Z,중립,0.147
NhHjvPTcSCo,칭찬과 찜쪄먹기(?)를 넘나드는 유두래곤 X 섭서비의 티키타카🤣 #유퀴즈온더블럭 | YOU QUIZ ON THE BLOCK EP.344,@샤샤샤-c8g,재석형도 작은키가 아닌데.......,0,2026-05-18T21:43:36Z,중립,0.1482
NhHjvPTcSCo,칭찬과 찜쪄먹기(?)를 넘나드는 유두래곤 X 섭서비의 티키타카🤣 #유퀴즈온더블럭 | YOU QUIZ ON THE BLOCK EP.344,@9882kjongw,피지컬 왜케 커보이지ㅎ,0,2026-05-18T20:23:19Z,중립,0.2809
NhHjvPTcSCo,칭찬과 찜쪄먹기(?)를 넘나드는 유두래곤 X 섭서비의 티키타카🤣 #유퀴즈온더블럭 | YOU QUIZ ON THE BLOCK EP.344,@민이사-q3o,??????????,0,2026-05-18T19:48:20Z,중립,0.1261
NhHjvPTcSCo,칭찬과 찜쪄먹기(?)를 넘나드는 유두래곤 X 섭서비의 티키타카🤣 #유퀴즈온더블럭 | YOU QUIZ ON THE BLOCK EP.344,@jl4646,비형만 앞에 나와있는거에요? 재석이형 왜이렇게 왜소해보이지 ㅋㅋㅋ,0,2026-05-18T18:27:57Z,중립,0.285
NhHjvPTcSCo,칭찬과 찜쪄먹기(?)를 넘나드는 유두래곤 X 섭서비의 티키타카🤣 #유퀴즈온더블럭 | YOU QUIZ ON THE BLOCK EP.344,@키위바나나슛,아니 제작진은 뭐하고~~ 배치를 다시 해서 비율 좀 맞추지.. 😂😂😂,0,2026-05-18T18:14:59Z,중립,0.2057
NhHjvPTcSCo,칭찬과 찜쪄먹기(?)를 넘나드는 유두래곤 X 섭서비의 티키타카🤣 #유퀴즈온더블럭 | YOU QUIZ ON THE BLOCK EP.344,@내란세력처단,싹스리 2집 준비하자,0,2026-05-18T18:04:10Z,중립,0.1068
NhHjvPTcSCo,칭찬과 찜쪄먹기(?)를 넘나드는 유두래곤 X 섭서비의 티키타카🤣 #유퀴즈온더블럭 | YOU QUIZ ON THE BLOCK EP.344,@Luke-z5d6q,싹쓰리 다시 나오면 설레임,3,2026-05-18T17:50:49Z,중립,0.2821
NhHjvPTcSCo,칭찬과 찜쪄먹기(?)를 넘나드는 유두래곤 X 섭서비의 티키타카🤣 #유퀴즈온더블럭 | YOU QUIZ ON THE BLOCK EP.344,@통닭박사,백정이형 몸 진짜 크네 ㄷㄷ,0,2026-05-18T17:05:09Z,중립,0.2237
NhHjvPTcSCo,칭찬과 찜쪄먹기(?)를 넘나드는 유두래곤 X 섭서비의 티키타카🤣 #유퀴즈온더블럭 | YOU QUIZ ON THE BLOCK EP.344,@Larry-Bird.,임백정 커트하니까 잘어울리네 ㅋㅋㅋㅋ,0,2026-05-18T16:48:26Z,중립,0.2301
NhHjvPTcSCo,칭찬과 찜쪄먹기(?)를 넘나드는 유두래곤 X 섭서비의 티키타카🤣 #유퀴즈온더블럭 | YOU QUIZ ON THE BLOCK EP.344,@user-xd4hu7ij2n,뜬뜬에서 싹쓰리 재결합 ㄱㄱ 이효리 유재석 둘다 안테나 잖아....!!,0,2026-05-18T15:05:17Z,중립,0.2594
NhHjvPTcSCo,칭찬과 찜쪄먹기(?)를 넘나드는 유두래곤 X 섭서비의 티키타카🤣 #유퀴즈온더블럭 | YOU QUIZ ON THE BLOCK EP.344,@JJ-ou1ik,유느 내적친밀감 기준: 설치지말고 인형처럼 가만히 있으라는 말이 가능한가ㅋㅋㅋㅋㅋㅋㅋㅋ,0,2026-05-18T14:17:53Z,중립,0.0914
NhHjvPTcSCo,칭찬과 찜쪄먹기(?)를 넘나드는 유두래곤 X 섭서비의 티키타카🤣 #유퀴즈온더블럭 | YOU QUIZ ON THE BLOCK EP.344,@아조하,유재석이 작은건가 비가 큰건가,0,2026-05-18T13:45:25Z,중립,0.3634
NhHjvPTcSCo,칭찬과 찜쪄먹기(?)를 넘나드는 유두래곤 X 섭서비의 티키타카🤣 #유퀴즈온더블럭 | YOU QUIZ ON THE BLOCK EP.344,@면-p4c,"몸의 크기가?,?",0,2026-05-18T13:43:23Z,중립,0.0789
NhHjvPTcSCo,칭찬과 찜쪄먹기(?)를 넘나드는 유두래곤 X 섭서비의 티키타카🤣 #유퀴즈온더블럭 | YOU QUIZ ON THE BLOCK EP.344,@유하은-w2y,싹쓰리 언제 컴백해... 여름인데 이제 컴백 좀 해라,0,2026-05-18T13:17:51Z,중립,0.5413
NhHjvPTcSCo,칭찬과 찜쪄먹기(?)를 넘나드는 유두래곤 X 섭서비의 티키타카🤣 #유퀴즈온더블럭 | YOU QUIZ ON THE BLOCK EP.344,@뚱스-e8z,재석이 형 왜 이리 작아보이지?,0,2026-05-18T13:09:42Z,중립,0.3736
NhHjvPTcSCo,칭찬과 찜쪄먹기(?)를 넘나드는 유두래곤 X 섭서비의 티키타카🤣 #유퀴즈온더블럭 | YOU QUIZ ON THE BLOCK EP.344,@framebird111,덩치 큰사람이 자기가 덩치큰줄모른다 던 은혁의 말이 생각난다 ㅋㅋㅋ,0,2026-05-18T13:04:36Z,중립,0.1913
NhHjvPTcSCo,칭찬과 찜쪄먹기(?)를 넘나드는 유두래곤 X 섭서비의 티키타카🤣 #유퀴즈온더블럭 | YOU QUIZ ON THE BLOCK EP.344,@s2r121,예전 싹쓰리 때는 유재석과 저렇게 큰 차이가 안났던것 같은데;;,0,2026-05-18T12:38:49Z,중립,0.3555
NhHjvPTcSCo,칭찬과 찜쪄먹기(?)를 넘나드는 유두래곤 X 섭서비의 티키타카🤣 #유퀴즈온더블럭 | YOU QUIZ ON THE BLOCK EP.344,@Shorts_K-v2z,유재석 왜이렇게 작냐.....비가 큰건가..ㅋㅋㅋㅋㅋ,0,2026-05-18T11:51:22Z,중립,0.1701
NhHjvPTcSCo,칭찬과 찜쪄먹기(?)를 넘나드는 유두래곤 X 섭서비의 티키타카🤣 #유퀴즈온더블럭 | YOU QUIZ ON THE BLOCK EP.344,@duribomi,와 나 순간 손석구 인줄,0,2026-05-18T11:12:40Z,중립,0.2671
NhHjvPTcSCo,칭찬과 찜쪄먹기(?)를 넘나드는 유두래곤 X 섭서비의 티키타카🤣 #유퀴즈온더블럭 | YOU QUIZ ON THE BLOCK EP.344,@aszxq-q5b,비옆머리 누가 했냐,0,2026-05-18T11:12:27Z,중립,0.1324
NhHjvPTcSCo,칭찬과 찜쪄먹기(?)를 넘나드는 유두래곤 X 섭서비의 티키타카🤣 #유퀴즈온더블럭 | YOU QUIZ ON THE BLOCK EP.344,@로우-r1x,비 멋있어짐,4,2026-05-18T10:44:08Z,중립,0.4228
NhHjvPTcSCo,칭찬과 찜쪄먹기(?)를 넘나드는 유두래곤 X 섭서비의 티키타카🤣 #유퀴즈온더블럭 | YOU QUIZ ON THE BLOCK EP.344,@달려요-q5f1o,유재석 멸치같네!!!,0,2026-05-18T10:25:27Z,중립,0.1894
NhHjvPTcSCo,칭찬과 찜쪄먹기(?)를 넘나드는 유두래곤 X 섭서비의 티키타카🤣 #유퀴즈온더블럭 | YOU QUIZ ON THE BLOCK EP.344,@BULL_SHIT-d8f,비가 너무 앞으로 나와 앉았나??,0,2026-05-18T10:03:37Z,중립,0.1355
NhHjvPTcSCo,칭찬과 찜쪄먹기(?)를 넘나드는 유두래곤 X 섭서비의 티키타카🤣 #유퀴즈온더블럭 | YOU QUIZ ON THE BLOCK EP.344,@BULL_SHIT-d8f,아니😅😅😅유재석 왜이리 작아보이누,0,2026-05-18T10:02:30Z,중립,0.1684
NhHjvPTcSCo,칭찬과 찜쪄먹기(?)를 넘나드는 유두래곤 X 섭서비의 티키타카🤣 #유퀴즈온더블럭 | YOU QUIZ ON THE BLOCK EP.344,@기분하루,외부 경쟁사가 인센 더 받는거 보고 배 아파 더 달라고 징징 되더니 외부 경쟁사에 맞쳐 영업 이익 배분은 싫어? 그럼 하지마 이쒸~,0,2026-05-18T09:27:10Z,중립,0.4824
NhHjvPTcSCo,칭찬과 찜쪄먹기(?)를 넘나드는 유두래곤 X 섭서비의 티키타카🤣 #유퀴즈온더블럭 | YOU QUIZ ON THE BLOCK EP.344,@guideline-y8p,돈많으면 빨아주는 프로 유재석 그만해라,1,2026-05-18T09:17:31Z,중립,0.1838
NhHjvPTcSCo,칭찬과 찜쪄먹기(?)를 넘나드는 유두래곤 X 섭서비의 티키타카🤣 #유퀴즈온더블럭 | YOU QUIZ ON THE BLOCK EP.344,@hsunny6816,유재석씨.. 넘 쪼꼬미 ㅋㅋ,3,2026-05-18T09:09:20Z,중립,0.244
NhHjvPTcSCo,칭찬과 찜쪄먹기(?)를 넘나드는 유두래곤 X 섭서비의 티키타카🤣 #유퀴즈온더블럭 | YOU QUIZ ON THE BLOCK EP.344,@choihimr-t8v,머리진짜크네,0,2026-05-18T09:05:42Z,중립,0.1496
NhHjvPTcSCo,칭찬과 찜쪄먹기(?)를 넘나드는 유두래곤 X 섭서비의 티키타카🤣 #유퀴즈온더블럭 | YOU QUIZ ON THE BLOCK EP.344,@손정우-n3v,몸크기가 거의 두배차이나네...뭐지,0,2026-05-18T08:59:02Z,중립,0.16
NhHjvPTcSCo,칭찬과 찜쪄먹기(?)를 넘나드는 유두래곤 X 섭서비의 티키타카🤣 #유퀴즈온더블럭 | YOU QUIZ ON THE BLOCK EP.344,@Yamw-j8i,머리왜캐크냐,0,2026-05-18T08:28:16Z,중립,0.1147
NhHjvPTcSCo,칭찬과 찜쪄먹기(?)를 넘나드는 유두래곤 X 섭서비의 티키타카🤣 #유퀴즈온더블럭 | YOU QUIZ ON THE BLOCK EP.344,@mikuragi,재석이 진짜작다..ㅋㅋㅋ,0,2026-05-18T08:15:18Z,중립,0.0756
NhHjvPTcSCo,칭찬과 찜쪄먹기(?)를 넘나드는 유두래곤 X 섭서비의 티키타카🤣 #유퀴즈온더블럭 | YOU QUIZ ON THE BLOCK EP.344,@kkjjww1111,싹쓰리 이후 오래만에 보는 투샷,0,2026-05-18T08:12:46Z,중립,0.423
NhHjvPTcSCo,칭찬과 찜쪄먹기(?)를 넘나드는 유두래곤 X 섭서비의 티키타카🤣 #유퀴즈온더블럭 | YOU QUIZ ON THE BLOCK EP.344,@구름-e4v3m,비는 의외로 참 착하고 성실해,0,2026-05-18T07:22:15Z,중립,0.678
NhHjvPTcSCo,칭찬과 찜쪄먹기(?)를 넘나드는 유두래곤 X 섭서비의 티키타카🤣 #유퀴즈온더블럭 | YOU QUIZ ON THE BLOCK EP.344,@둥이야뭐하니,비 어깨가 저게 진짠가 카메라 각도 차이 인가,0,2026-05-18T07:20:08Z,중립,0.1557
NhHjvPTcSCo,칭찬과 찜쪄먹기(?)를 넘나드는 유두래곤 X 섭서비의 티키타카🤣 #유퀴즈온더블럭 | YOU QUIZ ON THE BLOCK EP.344,@kyun2271,유재석 근육 너무 많이 빠졌다,0,2026-05-18T07:19:24Z,중립,0.0895
NhHjvPTcSCo,칭찬과 찜쪄먹기(?)를 넘나드는 유두래곤 X 섭서비의 티키타카🤣 #유퀴즈온더블럭 | YOU QUIZ ON THE BLOCK EP.344,@광포한,??? 비가 1미터 앞에 있는거야? 유재석 좃만하네...,0,2026-05-18T07:06:43Z,중립,0.3136
NhHjvPTcSCo,칭찬과 찜쪄먹기(?)를 넘나드는 유두래곤 X 섭서비의 티키타카🤣 #유퀴즈온더블럭 | YOU QUIZ ON THE BLOCK EP.344,@okjk8760,유재석 작정하고 마르려고 하는 거 아니면 살 좀 찌자. 반쪽이네.,0,2026-05-18T06:58:15Z,중립,0.151
NhHjvPTcSCo,칭찬과 찜쪄먹기(?)를 넘나드는 유두래곤 X 섭서비의 티키타카🤣 #유퀴즈온더블럭 | YOU QUIZ ON THE BLOCK EP.344,@marryjc,아니 둘이 같이 있는데 원근감 비현실적인데 ㅋㅋㅋㅋ😅😅😅😅 덩치도 얼굴크기도 ㅋㅋ,0,2026-05-18T06:33:40Z,중립,0.2148
NhHjvPTcSCo,칭찬과 찜쪄먹기(?)를 넘나드는 유두래곤 X 섭서비의 티키타카🤣 #유퀴즈온더블럭 | YOU QUIZ ON THE BLOCK EP.344,@싱어꽐수,비 방송국에서 한번 지나가는것 봤는데 뒷모습만 봐도 덩치가 엄청 나요..키도 크지만 등빨이 예상보다 엄청 커요..,1,2026-05-18T05:11:48Z,중립,0.1418
NhHjvPTcSCo,칭찬과 찜쪄먹기(?)를 넘나드는 유두래곤 X 섭서비의 티키타카🤣 #유퀴즈온더블럭 | YOU QUIZ ON THE BLOCK EP.344,@yy1818-z8y,비는 말하는게 영혼이 하나도 안느껴진다,0,2026-05-18T05:03:30Z,중립,0.4216
NhHjvPTcSCo,칭찬과 찜쪄먹기(?)를 넘나드는 유두래곤 X 섭서비의 티키타카🤣 #유퀴즈온더블럭 | YOU QUIZ ON THE BLOCK EP.344,@the8tontruck,아니 비는 몸도 커지고 머리도 커졌낰ㅋㅋㅋㅋㅋㅋㅋ,0,2026-05-18T04:44:00Z,중립,0.0713
NhHjvPTcSCo,칭찬과 찜쪄먹기(?)를 넘나드는 유두래곤 X 섭서비의 티키타카🤣 #유퀴즈온더블럭 | YOU QUIZ ON THE BLOCK EP.344,@heeeuncho8115,둘이 예능해도 잼날듯,0,2026-05-18T04:19:33Z,중립,0.135
NhHjvPTcSCo,칭찬과 찜쪄먹기(?)를 넘나드는 유두래곤 X 섭서비의 티키타카🤣 #유퀴즈온더블럭 | YOU QUIZ ON THE BLOCK EP.344,@사과달-z1c,다른 인종이냐구 혼자 왜 거대한거야,0,2026-05-18T04:11:54Z,중립,0.1608
NhHjvPTcSCo,칭찬과 찜쪄먹기(?)를 넘나드는 유두래곤 X 섭서비의 티키타카🤣 #유퀴즈온더블럭 | YOU QUIZ ON THE BLOCK EP.344,@user-ff3hn5dl3g,등치는 정준하보다 더 커진거 같은데????? 와 운동을 얼마나 하신겨 😮,0,2026-05-18T03:48:34Z,중립,0.5518
NhHjvPTcSCo,칭찬과 찜쪄먹기(?)를 넘나드는 유두래곤 X 섭서비의 티키타카🤣 #유퀴즈온더블럭 | YOU QUIZ ON THE BLOCK EP.344,@Goodkindof,싹쓰리~~~~,0,2026-05-18T03:38:53Z,중립,0.0874
NhHjvPTcSCo,칭찬과 찜쪄먹기(?)를 넘나드는 유두래곤 X 섭서비의 티키타카🤣 #유퀴즈온더블럭 | YOU QUIZ ON THE BLOCK EP.344,@TUBE-nf9jt,얼굴크기.뭐지,0,2026-05-18T03:14:27Z,중립,0.1846
NhHjvPTcSCo,칭찬과 찜쪄먹기(?)를 넘나드는 유두래곤 X 섭서비의 티키타카🤣 #유퀴즈온더블럭 | YOU QUIZ ON THE BLOCK EP.344,@단풍손님,오목렌즈 볼록렌즈,0,2026-05-18T03:03:12Z,중립,0.2582
NhHjvPTcSCo,칭찬과 찜쪄먹기(?)를 넘나드는 유두래곤 X 섭서비의 티키타카🤣 #유퀴즈온더블럭 | YOU QUIZ ON THE BLOCK EP.344,@건재타남,비 머리 크기 뭐냐? ㅎㄷㄷ,0,2026-05-18T02:56:35Z,중립,0.1165
NhHjvPTcSCo,칭찬과 찜쪄먹기(?)를 넘나드는 유두래곤 X 섭서비의 티키타카🤣 #유퀴즈온더블럭 | YOU QUIZ ON THE BLOCK EP.344,@모모이안-b5j,설치지 말해 ㅋㅋ,0,2026-05-18T02:53:08Z,중립,0.236
NhHjvPTcSCo,칭찬과 찜쪄먹기(?)를 넘나드는 유두래곤 X 섭서비의 티키타카🤣 #유퀴즈온더블럭 | YOU QUIZ ON THE BLOCK EP.344,@user-wl7gv1jc7e,손 크기도 2배 같이 나오네..  비가 농구선수만큼 큰 것 같은데 착시인가? ㅋㅋㅋ,0,2026-05-18T02:45:22Z,중립,0.5549
NhHjvPTcSCo,칭찬과 찜쪄먹기(?)를 넘나드는 유두래곤 X 섭서비의 티키타카🤣 #유퀴즈온더블럭 | YOU QUIZ ON THE BLOCK EP.344,@이동헌-w1x,"185에 연예계에서 몸좋다고 유명한 사람인데
왜 이렇게 몸이 크냐고 물어보는사람들 뭐지..",0,2026-05-18T02:38:15Z,중립,0.3467
NhHjvPTcSCo,칭찬과 찜쪄먹기(?)를 넘나드는 유두래곤 X 섭서비의 티키타카🤣 #유퀴즈온더블럭 | YOU QUIZ ON THE BLOCK EP.344,@꽁치구이-u3f,어깨도 2배 머리도 2배 머지..,0,2026-05-18T02:30:52Z,중립,0.3055
NhHjvPTcSCo,칭찬과 찜쪄먹기(?)를 넘나드는 유두래곤 X 섭서비의 티키타카🤣 #유퀴즈온더블럭 | YOU QUIZ ON THE BLOCK EP.344,@3letslife278,아니 유느님이 너무 작고 귀엽게 느껴짐 😂,0,2026-05-18T02:28:30Z,중립,0.231
NhHjvPTcSCo,칭찬과 찜쪄먹기(?)를 넘나드는 유두래곤 X 섭서비의 티키타카🤣 #유퀴즈온더블럭 | YOU QUIZ ON THE BLOCK EP.344,@madamgenie,CG라고 해도 믿을 듯,0,2026-05-18T01:50:18Z,중립,0.1935
NhHjvPTcSCo,칭찬과 찜쪄먹기(?)를 넘나드는 유두래곤 X 섭서비의 티키타카🤣 #유퀴즈온더블럭 | YOU QUIZ ON THE BLOCK EP.344,@YjK614,분할에서 유재석만 줌 땡기는것도 웃기네ㅋ,0,2026-05-18T01:49:27Z,중립,0.4297
NhHjvPTcSCo,칭찬과 찜쪄먹기(?)를 넘나드는 유두래곤 X 섭서비의 티키타카🤣 #유퀴즈온더블럭 | YOU QUIZ ON THE BLOCK EP.344,@horiwnmxo,아니 나온 게스트들을 왜 또 부르는거임?,1,2026-05-18T01:44:26Z,중립,0.4132
NhHjvPTcSCo,칭찬과 찜쪄먹기(?)를 넘나드는 유두래곤 X 섭서비의 티키타카🤣 #유퀴즈온더블럭 | YOU QUIZ ON THE BLOCK EP.344,@mania4aa,왜케 크시지??,0,2026-05-18T01:42:28Z,중립,0.2147
NhHjvPTcSCo,칭찬과 찜쪄먹기(?)를 넘나드는 유두래곤 X 섭서비의 티키타카🤣 #유퀴즈온더블럭 | YOU QUIZ ON THE BLOCK EP.344,@이명화-y7i,유재석이 귀여워 보이네,0,2026-05-18T01:41:12Z,중립,0.3119
NhHjvPTcSCo,칭찬과 찜쪄먹기(?)를 넘나드는 유두래곤 X 섭서비의 티키타카🤣 #유퀴즈온더블럭 | YOU QUIZ ON THE BLOCK EP.344,@로봇-b7n,유재석이 졸라 작아보이네 와.. 저정도로 차이났나? 더 커진거같음..,0,2026-05-18T01:31:18Z,중립,0.3618
NhHjvPTcSCo,칭찬과 찜쪄먹기(?)를 넘나드는 유두래곤 X 섭서비의 티키타카🤣 #유퀴즈온더블럭 | YOU QUIZ ON THE BLOCK EP.344,@iam92yoon,"원래 죧나 큼
잇츠레이닝 할때 실제로 봄 ;;",0,2026-05-18T01:31:17Z,중립,0.133
NhHjvPTcSCo,칭찬과 찜쪄먹기(?)를 넘나드는 유두래곤 X 섭서비의 티키타카🤣 #유퀴즈온더블럭 | YOU QUIZ ON THE BLOCK EP.344,@건강하게-k1e,비몸 대박커ㅎㅎㅎ,0,2026-05-18T01:25:59Z,중립,0.3492
NhHjvPTcSCo,칭찬과 찜쪄먹기(?)를 넘나드는 유두래곤 X 섭서비의 티키타카🤣 #유퀴즈온더블럭 | YOU QUIZ ON THE BLOCK EP.344,@ysb0227-u2k,유재석이 왜 어린이가 됐지?,0,2026-05-18T01:16:47Z,중립,0.0749
NhHjvPTcSCo,칭찬과 찜쪄먹기(?)를 넘나드는 유두래곤 X 섭서비의 티키타카🤣 #유퀴즈온더블럭 | YOU QUIZ ON THE BLOCK EP.344,@박성욱-i6e,비가 뭐가 머리가 크냐 ㅋㅋ 비율 좋기만 하구만. 키가 크니까 그렇지.,0,2026-05-18T00:56:00Z,중립,0.4991
NhHjvPTcSCo,칭찬과 찜쪄먹기(?)를 넘나드는 유두래곤 X 섭서비의 티키타카🤣 #유퀴즈온더블럭 | YOU QUIZ ON THE BLOCK EP.344,@soonh8200,싹쓰리 코로나 없었을때 활동 했으면 더 좋았을텐데.. 콘서트도 하고,0,2026-05-18T00:47:32Z,중립,0.2499
NhHjvPTcSCo,칭찬과 찜쪄먹기(?)를 넘나드는 유두래곤 X 섭서비의 티키타카🤣 #유퀴즈온더블럭 | YOU QUIZ ON THE BLOCK EP.344,@도구통1,유재석님은 살을 너무많이 뺏어요,0,2026-05-18T00:34:40Z,중립,0.1374
NhHjvPTcSCo,칭찬과 찜쪄먹기(?)를 넘나드는 유두래곤 X 섭서비의 티키타카🤣 #유퀴즈온더블럭 | YOU QUIZ ON THE BLOCK EP.344,@JJdw2q,유재석이 소두엿나?,0,2026-05-18T00:24:53Z,중립,0.2753
NhHjvPTcSCo,칭찬과 찜쪄먹기(?)를 넘나드는 유두래곤 X 섭서비의 티키타카🤣 #유퀴즈온더블럭 | YOU QUIZ ON THE BLOCK EP.344,@흠냐-k1m,"비가 탈아시안 몸매라 원래큰데ㅋㅋㅋ
비는 데뷔할때부터 ㅈㄴ컸음",0,2026-05-18T00:15:14Z,중립,0.3647
NhHjvPTcSCo,칭찬과 찜쪄먹기(?)를 넘나드는 유두래곤 X 섭서비의 티키타카🤣 #유퀴즈온더블럭 | YOU QUIZ ON THE BLOCK EP.344,@최형식-e4w,유재석이 저렇게 작았나싶다,0,2026-05-17T23:33:26Z,중립,0.2799
NhHjvPTcSCo,칭찬과 찜쪄먹기(?)를 넘나드는 유두래곤 X 섭서비의 티키타카🤣 #유퀴즈온더블럭 | YOU QUIZ ON THE BLOCK EP.344,@게로이지,와 나만 느낀게 아니구나 아니 대체 누구 잘못이냐??,0,2026-05-17T23:27:25Z,중립,0.3548
NhHjvPTcSCo,칭찬과 찜쪄먹기(?)를 넘나드는 유두래곤 X 섭서비의 티키타카🤣 #유퀴즈온더블럭 | YOU QUIZ ON THE BLOCK EP.344,@김인환-x1u,옆에 지린다씨 어디 갔음?😂,0,2026-05-17T21:49:54Z,중립,0.08
NhHjvPTcSCo,칭찬과 찜쪄먹기(?)를 넘나드는 유두래곤 X 섭서비의 티키타카🤣 #유퀴즈온더블럭 | YOU QUIZ ON THE BLOCK EP.344,@김찰스-d1x,결국 쩌먹는구나 ㅋㅋㅋ,1,2026-05-17T19:03:14Z,중립,0.1483
NhHjvPTcSCo,칭찬과 찜쪄먹기(?)를 넘나드는 유두래곤 X 섭서비의 티키타카🤣 #유퀴즈온더블럭 | YOU QUIZ ON THE BLOCK EP.344,@식용아님,핑계고 한번 나왔으면,3,2026-05-17T18:37:09Z,중립,0.0848
NhHjvPTcSCo,칭찬과 찜쪄먹기(?)를 넘나드는 유두래곤 X 섭서비의 티키타카🤣 #유퀴즈온더블럭 | YOU QUIZ ON THE BLOCK EP.344,@멍토리-d9c,ㅋㅋㅋㅋㅋㅋㅋㅋ보자마자 유재석이랑 비 덩치 차이에 뭔가 이상한데..하고 댓글 보는데 전부 그얘기넹 진짜 뭐지 ㅋㅋ,0,2026-05-17T17:30:28Z,중립,0.2363
NhHjvPTcSCo,칭찬과 찜쪄먹기(?)를 넘나드는 유두래곤 X 섭서비의 티키타카🤣 #유퀴즈온더블럭 | YOU QUIZ ON THE BLOCK EP.344,@gfjrncbd,임백정이랑 배홍동이랑 사이즈 차이 많이 나네~~,1,2026-05-17T17:11:15Z,중립,0.3545
NhHjvPTcSCo,칭찬과 찜쪄먹기(?)를 넘나드는 유두래곤 X 섭서비의 티키타카🤣 #유퀴즈온더블럭 | YOU QUIZ ON THE BLOCK EP.344,@user-zncmspwns,"아니 ㅋㅋㅋ 뭔데
원근법 무시 ?? 뭐야",0,2026-05-17T16:39:12Z,중립,0.2101
NhHjvPTcSCo,칭찬과 찜쪄먹기(?)를 넘나드는 유두래곤 X 섭서비의 티키타카🤣 #유퀴즈온더블럭 | YOU QUIZ ON THE BLOCK EP.344,@모든게다거품이다-5omg,비 벌크업 야무지게했자나 드라마보면알지,2,2026-05-17T16:27:53Z,중립,0.1725
NhHjvPTcSCo,칭찬과 찜쪄먹기(?)를 넘나드는 유두래곤 X 섭서비의 티키타카🤣 #유퀴즈온더블럭 | YOU QUIZ ON THE BLOCK EP.344,@비읍-k7x,아니 이게 무슨 영상이야... 합성이야 머야,0,2026-05-17T15:58:26Z,중립,0.1015
NhHjvPTcSCo,칭찬과 찜쪄먹기(?)를 넘나드는 유두래곤 X 섭서비의 티키타카🤣 #유퀴즈온더블럭 | YOU QUIZ ON THE BLOCK EP.344,@재미진유툽,ㅋㅋㅋㅋ 투샷 ㅋ정지 시켜놓고  다리 크기 보면 엄청 차이나네 ㅋㅋㅋ비형 앞으로 앉아서 그런거같은디 ㅋㅋㅋ ㅋㅋㅋㅋㅋ,0,2026-05-17T15:41:23Z,중립,0.138
NhHjvPTcSCo,칭찬과 찜쪄먹기(?)를 넘나드는 유두래곤 X 섭서비의 티키타카🤣 #유퀴즈온더블럭 | YOU QUIZ ON THE BLOCK EP.344,@배용남-g3t,머리통이 욀케 크냐 비 ㅋㅋ 원래 그런가,0,2026-05-17T15:36:13Z,중립,0.2829
NhHjvPTcSCo,칭찬과 찜쪄먹기(?)를 넘나드는 유두래곤 X 섭서비의 티키타카🤣 #유퀴즈온더블럭 | YOU QUIZ ON THE BLOCK EP.344,@Ttokki-i7u,비 귀가 유재석 볼반쪽이네,0,2026-05-17T15:19:34Z,중립,0.144
NhHjvPTcSCo,칭찬과 찜쪄먹기(?)를 넘나드는 유두래곤 X 섭서비의 티키타카🤣 #유퀴즈온더블럭 | YOU QUIZ ON THE BLOCK EP.344,@kkk-tj3pk,유재석 왜케 쬐끔해보이지ㅋㅋㅋ,0,2026-05-17T15:04:23Z,중립,0.366
NhHjvPTcSCo,칭찬과 찜쪄먹기(?)를 넘나드는 유두래곤 X 섭서비의 티키타카🤣 #유퀴즈온더블럭 | YOU QUIZ ON THE BLOCK EP.344,@으네-t8i,ㅋㅋㅋ비율보고 깜짝 놀래서 댓글보는데 ㅋㅋㅋ다 똑같은 반응이넼ㅋㅋㅋ,2,2026-05-17T14:35:43Z,중립,0.1638
NhHjvPTcSCo,칭찬과 찜쪄먹기(?)를 넘나드는 유두래곤 X 섭서비의 티키타카🤣 #유퀴즈온더블럭 | YOU QUIZ ON THE BLOCK EP.344,@냥냥이-d5h,비 데스노트 류크 같다,0,2026-05-17T14:19:08Z,중립,0.1092
NhHjvPTcSCo,칭찬과 찜쪄먹기(?)를 넘나드는 유두래곤 X 섭서비의 티키타카🤣 #유퀴즈온더블럭 | YOU QUIZ ON THE BLOCK EP.344,@보리아빠-v7m,성시경 더시즌도 보고와라 거기도 커보인다..벌크업 다시 한듯..,0,2026-05-17T13:54:01Z,중립,0.2
NhHjvPTcSCo,칭찬과 찜쪄먹기(?)를 넘나드는 유두래곤 X 섭서비의 티키타카🤣 #유퀴즈온더블럭 | YOU QUIZ ON THE BLOCK EP.344,@월세사는여자,아니 비가 두발짝 앞에 앉아있는거지?,0,2026-05-17T13:35:15Z,중립,0.189
NhHjvPTcSCo,칭찬과 찜쪄먹기(?)를 넘나드는 유두래곤 X 섭서비의 티키타카🤣 #유퀴즈온더블럭 | YOU QUIZ ON THE BLOCK EP.344,@silverbell-t4d,"역시 비는 찜쪄먹고 놀리는게 가장 귀여움 ㅋㅋㅋㅋ 
유재석이 칭찬해도 진심인가요 의심하는데 현웃터짐",2,2026-05-17T13:23:42Z,중립,0.1595
NhHjvPTcSCo,칭찬과 찜쪄먹기(?)를 넘나드는 유두래곤 X 섭서비의 티키타카🤣 #유퀴즈온더블럭 | YOU QUIZ ON THE BLOCK EP.344,@silverbell-t4d,"비 실물 보면 그냥 다른 인종이에요
머리통이랑 얼굴형이 대개 예쁘고, 어깨가 미식축구 선수 옷 입은거 같아서 확 눈에 들어옴
유재석은 60키로 뼈말라기도 하고 비가 워낙 프레임이 다르기도 하고... 또 비가 살짝 앞에 앉았고 밝은색 위에 옷 입어서 더 커보임 ㅋ",0,2026-05-17T13:22:47Z,중립,0.3281
NhHjvPTcSCo,칭찬과 찜쪄먹기(?)를 넘나드는 유두래곤 X 섭서비의 티키타카🤣 #유퀴즈온더블럭 | YOU QUIZ ON THE BLOCK EP.344,@준석이-g3c,"머가리가 왜저리커??
유재석이 소두야?",0,2026-05-17T13:20:41Z,중립,0.2214
NhHjvPTcSCo,칭찬과 찜쪄먹기(?)를 넘나드는 유두래곤 X 섭서비의 티키타카🤣 #유퀴즈온더블럭 | YOU QUIZ ON THE BLOCK EP.344,@GGM늑북이,비 덩치뭐임;;,2,2026-05-17T11:25:28Z,중립,0.1566
NhHjvPTcSCo,칭찬과 찜쪄먹기(?)를 넘나드는 유두래곤 X 섭서비의 티키타카🤣 #유퀴즈온더블럭 | YOU QUIZ ON THE BLOCK EP.344,@hongnamssi,덩치차이 무엇,2,2026-05-17T11:09:32Z,중립,0.0874
NhHjvPTcSCo,칭찬과 찜쪄먹기(?)를 넘나드는 유두래곤 X 섭서비의 티키타카🤣 #유퀴즈온더블럭 | YOU QUIZ ON THE BLOCK EP.344,@lux3kk,"유느님이 작아진겁니까 비님이 커진겁니까 
내눈이 이상한건가…",4,2026-05-17T09:36:58Z,중립,0.3436
NhHjvPTcSCo,칭찬과 찜쪄먹기(?)를 넘나드는 유두래곤 X 섭서비의 티키타카🤣 #유퀴즈온더블럭 | YOU QUIZ ON THE BLOCK EP.344,@bbtodayjbdchammanda,유재석이 원래 머리 작고 비율 좋음. 비는 키도 큰데 머리도 크네,8,2026-05-17T09:22:48Z,중립,0.6712
NhHjvPTcSCo,칭찬과 찜쪄먹기(?)를 넘나드는 유두래곤 X 섭서비의 티키타카🤣 #유퀴즈온더블럭 | YOU QUIZ ON THE BLOCK EP.344,@user-ht9uo1ly8e,정지훈이 아니고 정홍만인가,1,2026-05-17T07:18:30Z,중립,0.3285
NhHjvPTcSCo,칭찬과 찜쪄먹기(?)를 넘나드는 유두래곤 X 섭서비의 티키타카🤣 #유퀴즈온더블럭 | YOU QUIZ ON THE BLOCK EP.344,@이섭-s9w,유재석도 키가 작은키도 아닌데 ㅋㅋ,0,2026-05-17T05:51:12Z,중립,0.3187
NhHjvPTcSCo,칭찬과 찜쪄먹기(?)를 넘나드는 유두래곤 X 섭서비의 티키타카🤣 #유퀴즈온더블럭 | YOU QUIZ ON THE BLOCK EP.344,@dungglegebraincoachingcenter,귀도 엄청 크네요,2,2026-05-17T05:41:21Z,중립,0.209
NhHjvPTcSCo,칭찬과 찜쪄먹기(?)를 넘나드는 유두래곤 X 섭서비의 티키타카🤣 #유퀴즈온더블럭 | YOU QUIZ ON THE BLOCK EP.344,@아무개-x8k,근데 이제 여름인데 와야겠지?,2,2026-05-17T01:00:32Z,중립,0.2709
NhHjvPTcSCo,칭찬과 찜쪄먹기(?)를 넘나드는 유두래곤 X 섭서비의 티키타카🤣 #유퀴즈온더블럭 | YOU QUIZ ON THE BLOCK EP.344,@Nightsky._,비는 생각이 너무 구식이라 별로ㅋㅋㅋ,0,2026-05-17T00:38:38Z,중립,0.099
NhHjvPTcSCo,칭찬과 찜쪄먹기(?)를 넘나드는 유두래곤 X 섭서비의 티키타카🤣 #유퀴즈온더블럭 | YOU QUIZ ON THE BLOCK EP.344,@박모닝285,"비 이번 헤어스탈..에바다..
와....얼굴 진짜 커...........😅",1,2026-05-17T00:02:02Z,중립,0.1399
